date;quartier;vente_psqm_01;loyer_psqm_01;rendement_wc_01;apparies;taux_delistage_pct;config_version
2026-07-06;Bang Bon;39286;;;0;;1
2026-07-06;Bang Kapi;71821;428,6;5,66;25;;1
2026-07-06;Bang Khae;63289;339,2;;4;;1
2026-07-06;Bang Khen;75600;460,3;;2;;1
2026-07-06;Bang Kho Laem;111246;499,6;5,14;12;15,4;1
2026-07-06;Bang Khun Thian;63043;;;0;;1
2026-07-06;Bang Na;89141;492,6;;2;;1
2026-07-06;Bang Na;82115;399,2;5,73;24;42,3;1
2026-07-06;Bang Phlat;81373;409,2;5,35;17;;1
2026-07-06;Bang Rak;167093;621,1;4,46;30;35,6;1
2026-07-06;Bang Sue;81362;384,3;5,51;16;7,9;1
2026-07-06;Bangkok Noi;80731;406,8;5,61;20;;1
2026-07-06;Bangkok Yai;84273;386,1;5,38;11;;1
2026-07-06;Bearing;;551,7;;0;;1
2026-07-06;Bueng Kum;53722;277,2;5,98;19;;1
2026-07-06;Chatuchak;94502;512,1;5,23;44;13,9;1
2026-07-06;Chom Thong;71816;319;5,65;16;;1
2026-07-06;Din Daeng;101260;472,2;4,99;17;;1
2026-07-06;Don Mueang;75000;293,2;;1;;1
2026-07-06;Dusit;136364;468,1;;1;;1
2026-07-06;Huai Khwang;92995;490;5,38;50;24,2;1
2026-07-06;Khan Na Yao;71154;314,3;;4;;1
2026-07-06;Khlong San;106522;459,5;4,96;26;21,1;1
2026-07-06;Khlong Toei;141625;614,6;5,15;85;37,4;1
2026-07-06;Lak Si;64337;;;0;;1
2026-07-06;Lat Krabang;53745;313,6;;1;;1
2026-07-06;Lat Phrao;86199;451,6;;3;;1
2026-07-06;Min Buri;73478;305,8;5,57;6;;1
2026-07-06;Pak Kret;66465;;;0;;1
2026-07-06;Pathum Wan;179259;804,4;4,66;30;41,2;1
2026-07-06;Phasi Charoen;67046;342,9;5,81;17;15,8;1
2026-07-06;Phaya Thai;119048;505,1;4,86;23;38;1
2026-07-06;Phra Khanong;90000;485,4;5,55;34;;1
2026-07-06;Phra Nakhon;86486;370,6;;1;;1
2026-07-06;Pom Prap Sattru Phai;106667;400;;1;;1
2026-07-06;Prawet;62625;368,9;;3;;1
2026-07-06;Rat Burana;64039;285,7;5,78;9;;1
2026-07-06;Ratchathewi;155556;602,7;4,72;41;40,9;1
2026-07-06;Sai Mai;70153;245,5;;0;;1
2026-07-06;Saphan Sung;64200;;;0;;1
2026-07-06;Sathon;135625;523,3;5,06;26;17,5;1
2026-07-06;Suan Luang;66071;415,6;5,84;16;33,3;1
2026-07-06;Taling Chan;47450;260,4;;1;;1
2026-07-06;Thon Buri;86038;395,2;5,55;22;;1
2026-07-06;Thung Khru;66458;403,2;;1;;1
2026-07-06;Vadhana;139220;586,7;5,24;134;35,9;1
2026-07-06;Wang Thonglang;52778;344,8;6,42;18;;1
2026-07-06;Yan Nawa;83944;365,2;5,46;17;30;1
2026-07-09;Bang Bon;39286;;;0;;1
2026-07-09;Bang Kapi;71821;428,6;5,66;25;;1
2026-07-09;Bang Khae;63289;339,2;;4;;1
2026-07-09;Bang Khen;75600;460,3;;2;;1
2026-07-09;Bang Kho Laem;111246;499,6;5,14;12;15,4;1
2026-07-09;Bang Khun Thian;63043;;;0;;1
2026-07-09;Bang Na;89141;492,6;;2;;1
2026-07-09;Bang Na;82115;399,2;5,73;24;42,3;1
2026-07-09;Bang Phlat;81373;409,2;5,35;17;;1
2026-07-09;Bang Rak;167093;621,1;4,46;30;35,6;1
2026-07-09;Bang Sue;81362;384,3;5,51;16;7,9;1
2026-07-09;Bangkok Noi;80731;406,8;5,61;20;;1
2026-07-09;Bangkok Yai;84273;386,1;5,38;11;;1
2026-07-09;Bearing;;551,7;;0;;1
2026-07-09;Bueng Kum;53722;277,2;5,98;19;;1
2026-07-09;Chatuchak;94502;512,1;5,23;44;13,9;1
2026-07-09;Chom Thong;71816;319;5,65;16;;1
2026-07-09;Din Daeng;101260;472,2;4,99;17;;1
2026-07-09;Don Mueang;75000;293,2;;1;;1
2026-07-09;Dusit;136364;468,1;;1;;1
2026-07-09;Huai Khwang;92995;490;5,38;50;24,2;1
2026-07-09;Khan Na Yao;71154;314,3;;4;;1
2026-07-09;Khlong San;106522;459,5;4,96;26;21,1;1
2026-07-09;Khlong Toei;141625;614,6;5,15;85;37,4;1
2026-07-09;Lak Si;64337;;;0;;1
2026-07-09;Lat Krabang;53745;313,6;;1;;1
2026-07-09;Lat Phrao;86199;451,6;;3;;1
2026-07-09;Min Buri;73478;305,8;5,57;6;;1
2026-07-09;Pak Kret;66465;;;0;;1
2026-07-09;Pathum Wan;179259;804,4;4,66;30;41,2;1
2026-07-09;Phasi Charoen;67046;342,9;5,81;17;15,8;1
2026-07-09;Phaya Thai;119048;505,1;4,86;23;38;1
2026-07-09;Phra Khanong;90000;485,4;5,55;34;;1
2026-07-09;Phra Nakhon;86486;370,6;;1;;1
2026-07-09;Pom Prap Sattru Phai;106667;400;;1;;1
2026-07-09;Prawet;62625;368,9;;3;;1
2026-07-09;Rat Burana;64039;285,7;5,78;9;;1
2026-07-09;Ratchathewi;155556;602,7;4,72;41;40,9;1
2026-07-09;Sai Mai;70153;245,5;;0;;1
2026-07-09;Saphan Sung;64200;;;0;;1
2026-07-09;Sathon;135625;523,3;5,06;26;17,5;1
2026-07-09;Suan Luang;66071;415,6;5,84;16;33,3;1
2026-07-09;Taling Chan;47450;260,4;;1;;1
2026-07-09;Thon Buri;86038;395,2;5,55;22;;1
2026-07-09;Thung Khru;66458;403,2;;1;;1
2026-07-09;Vadhana;139220;586,7;5,24;134;35,9;1
2026-07-09;Wang Thonglang;52778;344,8;6,42;18;;1
2026-07-09;Yan Nawa;83944;365,2;5,46;17;30;1
2026-08-03;Bang Bon;39286;257,4;;0;;2
2026-08-03;Bang Kapi;62826;439,2;6,06;23;;2
2026-08-03;Bang Khae;55905;326,9;5,77;7;;2
2026-08-03;Bang Khen;68385;365,2;5,79;9;;2
2026-08-03;Bang Kho Laem;95453;593,8;4,31;11;;2
2026-08-03;Bang Khun Thian;57367;281,2;;2;;2
2026-08-03;Bang Na;63309;395,8;5,8;28;;2
2026-08-03;Bang Phlat;77894;402,3;5,54;21;;2
2026-08-03;Bang Rak;157407;614,3;4,67;40;;2
2026-08-03;Bang Sue;82812;369,3;5,44;23;;2
2026-08-03;Bangkok Noi;80351;445,9;5,39;16;;2
2026-08-03;Bangkok Yai;84273;453,1;5,57;11;;2
2026-08-03;Bueng Kum;48148;259,5;;3;;2
2026-08-03;Chatuchak;88559;500;5,23;81;;2
2026-08-03;Chom Thong;67742;361,1;5,84;7;;2
2026-08-03;Din Daeng;99857;457,6;5,38;29;;2
2026-08-03;Don Mueang;68851;341;;2;;2
2026-08-03;Dusit;153215;488,9;;0;;2
2026-08-03;Huai Khwang;86652;476,5;5,73;77;;2
2026-08-03;Khan Na Yao;56881;391,2;;2;;2
2026-08-03;Khlong San;106594;452;4,96;37;;2
2026-08-03;Khlong Toei;141790;625;5,11;101;;2
2026-08-03;Lak Si;65901;357,1;;2;;2
2026-08-03;Lat Krabang;57090;390;;0;;2
2026-08-03;Lat Phrao;69281;437,5;;3;;2
2026-08-03;Min Buri;68862;405,1;;0;;2
2026-08-03;Nong Khaem;;140;;0;;2
2026-08-03;Pathum Wan;177143;712,7;4,62;40;;2
2026-08-03;Phasi Charoen;68557;351,9;5,73;20;;2
2026-08-03;Phaya Thai;112913;512,8;4,78;34;;2
2026-08-03;Phra Khanong;82812;428,6;5,59;48;;2
2026-08-03;Phra Nakhon;86486;469,5;;1;;2
2026-08-03;Pom Prap Sattru Phai;112575;382,9;;1;;2
2026-08-03;Prawet;41369;300;;4;;2
2026-08-03;Rat Burana;67233;318,5;;4;;2
2026-08-03;Ratchathewi;148601;610;4,78;60;;2
2026-08-03;Sai Mai;63776;375;;2;;2
2026-08-03;Samphanthawong;;254,6;;0;;2
2026-08-03;Saphan Sung;39960;;;0;;2
2026-08-03;Sathon;138293;525,2;5,01;31;;2
2026-08-03;Suan Luang;67391;423,1;6,37;32;;2
2026-08-03;Taling Chan;55357;;;0;;2
2026-08-03;Thon Buri;79106;387,1;5,55;25;;2
2026-08-03;Thung Khru;82917;399,2;;1;;2
2026-08-03;Vadhana;136364;592,9;5,33;153;;2
2026-08-03;Wang Thonglang;69390;396,2;6,09;10;;2
2026-08-03;Yan Nawa;86111;411,8;5,48;23;;2
2026-08-06;Bang Bon;39286;264,7;;0;;2
2026-08-06;Bang Kapi;65172;421,2;6,11;33;68,4;2
2026-08-06;Bang Khae;57252;326,9;5,92;7;;2
2026-08-06;Bang Khen;68975;363,6;5,92;10;;2
2026-08-06;Bang Kho Laem;102668;593,8;4,31;11;;2
2026-08-06;Bang Khun Thian;57551;281,2;;2;;2
2026-08-06;Bang Na;68293;398;5,69;28;;2
2026-08-06;Bang Phlat;76685;375;5,52;26;;2
2026-08-06;Bang Rak;166667;625,3;4,59;43;34,1;2
2026-08-06;Bang Sue;82812;369,3;5,26;25;;2
2026-08-06;Bangkok Noi;80513;398,4;5,41;19;;2
2026-08-06;Bangkok Yai;84273;386,1;5,36;12;;2
2026-08-06;Bueng Kum;51952;266,7;6,25;18;;2
2026-08-06;Chatuchak;88559;500;5,33;81;;2
2026-08-06;Chom Thong;66917;319;5,69;18;;2
2026-08-06;Din Daeng;99601;463,8;5,19;30;;2
2026-08-06;Don Mueang;68801;354,2;;2;;2
2026-08-06;Dusit;151573;451,3;;0;;2
2026-08-06;Huai Khwang;85000;478,2;5,86;79;53,4;2
2026-08-06;Khan Na Yao;62902;391,2;;2;;2
2026-08-06;Khlong San;107428;448,4;4,77;38;40,9;2
2026-08-06;Khlong Toei;138415;621;5,26;110;62,1;2
2026-08-06;Lak Si;67262;348,2;;2;;2
2026-08-06;Lat Krabang;57848;;;0;;2
2026-08-06;Lat Phrao;72296;393,9;;4;;2
2026-08-06;Min Buri;68293;305,8;5,43;7;;2
2026-08-06;Nong Khaem;;140;;0;;2
2026-08-06;Pathum Wan;177113;719,6;4,62;40;;2
2026-08-06;Phasi Charoen;67901;343,1;5,82;24;;2
2026-08-06;Phaya Thai;114444;511,3;4,8;35;;2
2026-08-06;Phra Khanong;81724;427,9;5,56;49;;2
2026-08-06;Phra Nakhon;86486;469,5;;1;;2
2026-08-06;Pom Prap Sattru Phai;112575;382,9;;1;;2
2026-08-06;Prawet;41667;307,7;;4;;2
2026-08-06;Rat Burana;65000;285,7;5,74;9;;2
2026-08-06;Ratchathewi;149825;607,1;4,76;59;;2
2026-08-06;Sai Mai;63776;387,5;;3;;2
2026-08-06;Samphanthawong;;254,6;;0;;2
2026-08-06;Saphan Sung;39960;;;0;;2
2026-08-06;Sathon;136146;514,3;4,92;33;;2
2026-08-06;Suan Luang;67391;426,2;6,38;31;69,2;2
2026-08-06;Taling Chan;46653;260,4;;1;;2
2026-08-06;Thon Buri;79110;382,6;5,83;26;;2
2026-08-06;Thung Khru;82917;452,8;;1;;2
2026-08-06;Vadhana;135877;585;5,31;156;;2
2026-08-06;Wang Thonglang;59458;336,8;6,43;19;;2
2026-08-06;Yan Nawa;86258;412,7;5,82;24;;2
2026-08-07;Bang Bon;39286;264,7;;0;;2
2026-08-07;Bang Kapi;65172;421,2;6,11;33;68,4;2
2026-08-07;Bang Khae;57252;326,9;5,92;7;;2
2026-08-07;Bang Khen;68975;363,6;5,92;10;;2
2026-08-07;Bang Kho Laem;102668;593,8;4,31;11;;2
2026-08-07;Bang Khun Thian;57551;281,2;;2;;2
2026-08-07;Bang Na;68293;398;5,69;28;;2
2026-08-07;Bang Phlat;76685;375;5,52;26;;2
2026-08-07;Bang Rak;166667;625,3;4,59;43;34,1;2
2026-08-07;Bang Sue;82812;369,3;5,26;25;;2
2026-08-07;Bangkok Noi;80513;398,4;5,41;19;;2
2026-08-07;Bangkok Yai;84273;386,1;5,36;12;;2
2026-08-07;Bueng Kum;51952;266,7;6,25;18;;2
2026-08-07;Chatuchak;88559;500;5,33;81;;2
2026-08-07;Chom Thong;66917;319;5,69;18;;2
2026-08-07;Din Daeng;99601;463,8;5,19;30;;2
2026-08-07;Don Mueang;68801;354,2;;2;;2
2026-08-07;Dusit;151573;451,3;;0;;2
2026-08-07;Huai Khwang;85000;478,2;5,86;79;53,4;2
2026-08-07;Khan Na Yao;62902;391,2;;2;;2
2026-08-07;Khlong San;107428;448,4;4,77;38;40,9;2
2026-08-07;Khlong Toei;138415;621;5,26;110;62,1;2
2026-08-07;Lak Si;67262;348,2;;2;;2
2026-08-07;Lat Krabang;57848;;;0;;2
2026-08-07;Lat Phrao;72296;393,9;;4;;2
2026-08-07;Min Buri;68293;305,8;5,43;7;;2
2026-08-07;Nong Khaem;;140;;0;;2
2026-08-07;Pathum Wan;177113;719,6;4,62;40;;2
2026-08-07;Phasi Charoen;67901;343,1;5,82;24;;2
2026-08-07;Phaya Thai;114444;511,3;4,8;35;;2
2026-08-07;Phra Khanong;81724;427,9;5,56;49;;2
2026-08-07;Phra Nakhon;86486;469,5;;1;;2
2026-08-07;Pom Prap Sattru Phai;112575;382,9;;1;;2
2026-08-07;Prawet;41667;307,7;;4;;2
2026-08-07;Rat Burana;65000;285,7;5,74;9;;2
2026-08-07;Ratchathewi;149825;607,1;4,76;59;;2
2026-08-07;Sai Mai;63776;387,5;;3;;2
2026-08-07;Samphanthawong;;254,6;;0;;2
2026-08-07;Saphan Sung;39960;;;0;;2
2026-08-07;Sathon;136146;514,3;4,92;33;;2
2026-08-07;Suan Luang;67391;426,2;6,38;31;69,2;2
2026-08-07;Taling Chan;46653;260,4;;1;;2
2026-08-07;Thon Buri;79110;382,6;5,83;26;;2
2026-08-07;Thung Khru;82917;452,8;;1;;2
2026-08-07;Vadhana;135877;585;5,31;156;;2
2026-08-07;Wang Thonglang;59458;336,8;6,43;19;;2
2026-08-07;Yan Nawa;86258;412,7;5,82;24;;2
2026-08-11;Bang Bon;39286;264,7;;0;;2
2026-08-11;Bang Kapi;58929;430,7;6,29;35;;2
2026-08-11;Bang Khae;57742;326,9;6,55;8;;2
2026-08-11;Bang Khen;62857;365,2;5,83;11;;2
2026-08-11;Bang Kho Laem;99772;596,9;4,55;12;;2
2026-08-11;Bang Khun Thian;58532;281,2;;2;;2
2026-08-11;Bang Na;69004;406,5;5,73;27;;2
2026-08-11;Bang Phlat;75862;375;5,56;25;;2
2026-08-11;Bang Rak;158981;648,9;4,64;42;;2
2026-08-11;Bang Sue;82812;390,9;5,32;24;;2
2026-08-11;Bangkok Noi;80351;398,4;5,41;19;;2
2026-08-11;Bangkok Yai;84934;386,1;5,36;12;;2
2026-08-11;Bueng Kum;51549;266,7;6,28;18;;2
2026-08-11;Chatuchak;86387;505,3;5,3;82;;2
2026-08-11;Chom Thong;66917;307,3;5,68;18;;2
2026-08-11;Din Daeng;100865;491,2;5,38;29;;2
2026-08-11;Don Mueang;66768;354,2;;2;;2
2026-08-11;Dusit;151496;488,9;;0;;2
2026-08-11;Huai Khwang;84231;491,9;5,73;79;;2
2026-08-11;Khan Na Yao;63026;391,2;;4;;2
2026-08-11;Khlong San;106522;450,3;4,79;37;;2
2026-08-11;Khlong Toei;136241;603,9;5,32;108;;2
2026-08-11;Lak Si;66038;339,3;;2;;2
2026-08-11;Lat Krabang;57090;;;0;;2
2026-08-11;Lat Phrao;75600;393,9;;3;;2
2026-08-11;Min Buri;67617;305,8;5,43;7;;2
2026-08-11;Nong Khaem;;140;;0;;2
2026-08-11;Pathum Wan;177039;730,6;4,58;38;;2
2026-08-11;Phasi Charoen;68779;343,1;5,78;25;;2
2026-08-11;Phaya Thai;113213;518,6;4,89;37;;2
2026-08-11;Phra Khanong;82825;434,2;5,75;52;;2
2026-08-11;Phra Nakhon;86486;469,5;;1;;2
2026-08-11;Pom Prap Sattru Phai;112575;382,9;;1;;2
2026-08-11;Prawet;41667;294,9;;4;;2
2026-08-11;Rat Burana;65000;285,7;5,74;9;;2
2026-08-11;Ratchathewi;147390;612,9;4,67;56;;2
2026-08-11;Sai Mai;63776;387,5;;3;;2
2026-08-11;Saphan Sung;39960;;;0;;2
2026-08-11;Sathon;133747;514,3;4,96;34;;2
2026-08-11;Suan Luang;68846;423,7;6,37;32;;2
2026-08-11;Taling Chan;44981;260,4;;1;;2
2026-08-11;Thon Buri;75930;388,7;5,88;31;;2
2026-08-11;Thung Khru;84892;480,8;;1;;2
2026-08-11;Vadhana;136096;581,4;5,29;161;;2
2026-08-11;Wang Thonglang;57949;350,7;6,43;19;;2
2026-08-11;Yan Nawa;86406;411,8;5,48;19;;2
2026-08-17;Bang Bon;39286;244,6;;0;;2
2026-08-17;Bang Kapi;59062;428,6;6,06;36;;2
2026-08-17;Bang Khae;57388;325;6,58;8;;2
2026-08-17;Bang Khen;68385;377,2;5,84;16;;2
2026-08-17;Bang Kho Laem;101826;556,6;4,99;12;;2
2026-08-17;Bang Khun Thian;58696;281,2;;2;;2
2026-08-17;Bang Na;68293;402;5,49;30;;2
2026-08-17;Bang Phlat;76170;375;5,65;28;;2
2026-08-17;Bang Rak;160379;671,8;4,71;42;;2
2026-08-17;Bang Sue;82581;378,3;5,29;26;;2
2026-08-17;Bangkok Noi;80351;392,3;5,36;20;;2
2026-08-17;Bangkok Yai;84273;384,2;5,41;12;;2
2026-08-17;Bueng Kum;51481;278,3;6,41;21;;2
2026-08-17;Chatuchak;86800;486,4;5,49;96;;2
2026-08-17;Chom Thong;65312;321,4;5,76;20;;2
2026-08-17;Din Daeng;96692;450,8;5,34;31;;2
2026-08-17;Don Mueang;66768;377,1;;1;;2
2026-08-17;Dusit;134208;488,9;;1;;2
2026-08-17;Huai Khwang;83954;472,2;5,65;85;;2
2026-08-17;Khan Na Yao;63026;375;5,25;7;;2
2026-08-17;Khlong San;105662;447,4;4,81;39;;2
2026-08-17;Khlong Toei;136705;604,4;5,37;115;;2
2026-08-17;Lak Si;67308;357,1;;4;;2
2026-08-17;Lat Krabang;57308;384,4;;0;;2
2026-08-17;Lat Phrao;60006;404,8;;4;;2
2026-08-17;Min Buri;67552;319,1;5,73;9;;2
2026-08-17;Nong Khaem;;140;;0;;2
2026-08-17;Pathum Wan;176935;711,1;4,76;38;;2
2026-08-17;Phasi Charoen;70000;343,8;5,75;30;;2
2026-08-17;Phaya Thai;112897;511,3;4,91;41;;2
2026-08-17;Phra Khanong;82275;427,2;5,62;54;;2
2026-08-17;Phra Nakhon;77685;469,5;;1;;2
2026-08-17;Pom Prap Sattru Phai;112575;382,9;;1;;2
2026-08-17;Prawet;48141;297;6,69;6;;2
2026-08-17;Rat Burana;65000;285,6;5,67;11;;2
2026-08-17;Ratchathewi;146608;610,4;4,62;61;;2
2026-08-17;Sai Mai;65400;392,9;7,06;5;;2
2026-08-17;Saphan Sung;39960;183,6;;1;;2
2026-08-17;Sathon;126548;500;5,07;38;;2
2026-08-17;Suan Luang;67784;423,7;6,41;35;;2
2026-08-17;Taling Chan;43320;260,4;;1;;2
2026-08-17;Thon Buri;76827;373,2;5,79;31;;2
2026-08-17;Thung Khru;84892;480,8;;1;;2
2026-08-17;Vadhana;135714;586,9;5,32;165;;2
2026-08-17;Wang Thonglang;57270;333,3;7,16;23;;2
2026-08-17;Yan Nawa;84408;417,2;5,55;23;;2
2026-08-22;Bang Bon;39286;264,7;;0;;2
2026-08-22;Bang Kapi;65101;428,6;6,21;37;6,2;2
2026-08-22;Bang Khae;55049;325;6,73;9;;2
2026-08-22;Bang Khen;65621;393,9;5,83;17;;2
2026-08-22;Bang Kho Laem;96589;590,5;4,97;13;;2
2026-08-22;Bang Khun Thian;55274;281,2;;2;;2
2026-08-22;Bang Na;63043;403,7;5,83;33;12,3;2
2026-08-22;Bang Phlat;74000;402,3;5,8;27;10,3;2
2026-08-22;Bang Rak;163015;638,3;4,78;43;9,1;2
2026-08-22;Bang Sue;82143;384;5,33;27;9,7;2
2026-08-22;Bangkok Noi;79575;392,3;5,37;20;;2
2026-08-22;Bangkok Yai;84273;384,1;5,41;12;;2
2026-08-22;Bueng Kum;51515;278,3;6,46;21;;2
2026-08-22;Chatuchak;84420;487,7;5,54;94;7,8;2
2026-08-22;Chom Thong;65804;315,8;5,75;21;;2
2026-08-22;Din Daeng;97222;468,3;5,39;35;7,8;2
2026-08-22;Don Mueang;66667;313,9;;0;;2
2026-08-22;Dusit;101645;488,9;;1;;2
2026-08-22;Huai Khwang;83223;481,5;5,7;85;7,9;2
2026-08-22;Khan Na Yao;57143;348,8;5,25;5;;2
2026-08-22;Khlong San;106413;458,2;4,8;41;7,6;2
2026-08-22;Khlong Toei;133941;622;5,41;112;10,2;2
2026-08-22;Lak Si;66147;357,1;;4;;2
2026-08-22;Lat Krabang;56333;380;;0;;2
2026-08-22;Lat Phrao;56926;404,8;;4;;2
2026-08-22;Min Buri;67552;319,1;5,73;9;;2
2026-08-22;Nong Khaem;;140;;0;;2
2026-08-22;Pathum Wan;175439;697,7;4,84;38;12,9;2
2026-08-22;Phasi Charoen;70000;350,1;5,85;33;;2
2026-08-22;Phaya Thai;111425;525,8;4,92;44;11,7;2
2026-08-22;Phra Khanong;76923;450,7;5,55;52;12,4;2
2026-08-22;Phra Nakhon;77685;469,5;;1;;2
2026-08-22;Pom Prap Sattru Phai;112575;428,2;;1;;2
2026-08-22;Prawet;51953;300;6,26;5;;2
2026-08-22;Rat Burana;64321;285,6;5,6;12;;2
2026-08-22;Ratchathewi;145455;625;4,72;59;5,6;2
2026-08-22;Sai Mai;63776;396,4;;4;;2
2026-08-22;Saphan Sung;40980;183,6;;1;;2
2026-08-22;Sathon;126991;493,9;5,17;39;8,4;2
2026-08-22;Suan Luang;66667;420;6,34;37;9,5;2
2026-08-22;Taling Chan;43320;260,4;;1;;2
2026-08-22;Thon Buri;77703;375;5,78;33;18,1;2
2026-08-22;Thung Khru;84892;466,8;;1;;2
2026-08-22;Vadhana;136668;601,7;5,36;161;10,3;2
2026-08-22;Wang Thonglang;54429;321,4;6,91;22;;2
2026-08-22;Yan Nawa;82987;411,8;5,64;27;11,4;2
2026-08-25;Bang Bon;39286;264,7;;0;;2
2026-08-25;Bang Kapi;63462;428,6;6,21;37;;2
2026-08-25;Bang Khae;55049;325;6,73;9;;2
2026-08-25;Bang Khen;61972;393,9;6;17;;2
2026-08-25;Bang Kho Laem;96589;590,5;4,97;13;;2
2026-08-25;Bang Khun Thian;55274;281,2;;2;;2
2026-08-25;Bang Na;62208;401,9;5,83;35;;2
2026-08-25;Bang Phlat;74000;402,3;5,83;27;;2
2026-08-25;Bang Rak;161810;638,3;4,79;44;;2
2026-08-25;Bang Sue;82143;384;5,33;27;;2
2026-08-25;Bangkok Noi;79575;392,3;5,37;20;;2
2026-08-25;Bangkok Yai;84273;384,1;5,41;12;;2
2026-08-25;Bueng Kum;51515;278,3;6,46;21;;2
2026-08-25;Chatuchak;84500;478,1;5,58;94;;2
2026-08-25;Chom Thong;66296;315,8;5,75;21;;2
2026-08-25;Din Daeng;97222;468,3;5,41;35;;2
2026-08-25;Don Mueang;66667;313,9;;0;;2
2026-08-25;Dusit;101645;488,9;;1;;2
2026-08-25;Huai Khwang;82667;477,4;5,69;86;;2
2026-08-25;Khan Na Yao;57143;348,8;5,25;5;;2
2026-08-25;Khlong San;106522;459,5;4,8;41;;2
2026-08-25;Khlong Toei;132984;629,3;5,39;113;;2
2026-08-25;Lak Si;66147;357,1;;4;;2
2026-08-25;Lat Krabang;56333;380;;0;;2
2026-08-25;Lat Phrao;56926;404,8;;4;;2
2026-08-25;Min Buri;67552;319,1;5,73;9;;2
2026-08-25;Nong Khaem;;140;;0;;2
2026-08-25;Pathum Wan;176187;697,7;4,75;37;;2
2026-08-25;Phasi Charoen;71994;350,1;5,85;33;;2
2026-08-25;Phaya Thai;111739;518,9;4,92;44;;2
2026-08-25;Phra Khanong;77474;450,7;5,57;52;;2
2026-08-25;Phra Nakhon;77685;469,5;;1;;2
2026-08-25;Pom Prap Sattru Phai;112575;428,2;;1;;2
2026-08-25;Prawet;51406;300;6,45;5;;2
2026-08-25;Rat Burana;63643;285,6;5,6;12;;2
2026-08-25;Ratchathewi;145942;625;4,72;59;;2
2026-08-25;Sai Mai;63776;396,4;;4;;2
2026-08-25;Saphan Sung;40980;183,6;;1;;2
2026-08-25;Sathon;130863;493,9;5,17;39;;2
2026-08-25;Suan Luang;66667;420;6,32;37;;2
2026-08-25;Taling Chan;43320;260,4;;1;;2
2026-08-25;Thon Buri;77703;381,1;5,78;33;;2
2026-08-25;Thung Khru;84892;466,8;;1;;2
2026-08-25;Vadhana;135956;600;5,36;160;6,4;2
2026-08-25;Wang Thonglang;54215;321,4;6,91;22;;2
2026-08-25;Yan Nawa;84185;411,8;5,64;27;;2
2026-08-26;Bang Bon;39286;264,7;;0;;2
2026-08-26;Bang Kapi;62184;413,8;6,16;45;;2
2026-08-26;Bang Khae;55544;321;6,69;7;;2
2026-08-26;Bang Khen;61771;377,2;6,12;19;;2
2026-08-26;Bang Kho Laem;100722;501,4;5,36;14;;2
2026-08-26;Bang Khun Thian;59156;281,2;;2;;2
2026-08-26;Bang Na;63458;404,8;5,91;39;5,1;2
2026-08-26;Bang Phlat;74078;402,3;5,84;28;;2
2026-08-26;Bang Rak;158840;636,4;4,79;45;4,8;2
2026-08-26;Bang Sue;82581;383,2;5,29;28;;2
2026-08-26;Bangkok Noi;80351;388,5;5,45;20;;2
2026-08-26;Bangkok Yai;84273;395,5;5,45;12;;2
2026-08-26;Bueng Kum;51515;278,3;6,46;21;;2
2026-08-26;Chatuchak;84000;481,9;5,44;93;3,4;2
2026-08-26;Chom Thong;66412;315,8;5,75;21;;2
2026-08-26;Din Daeng;97222;465,1;5,52;34;;2
2026-08-26;Don Mueang;66667;323,8;;1;;2
2026-08-26;Dusit;89199;369,4;;2;;2
2026-08-26;Huai Khwang;83071;481,5;5,75;88;;2
2026-08-26;Khan Na Yao;57143;374;5,25;7;;2
2026-08-26;Khlong San;107453;452;4,77;43;;2
2026-08-26;Khlong Toei;134297;629,6;5,41;117;4,1;2
2026-08-26;Lak Si;66071;339,3;5,84;5;;2
2026-08-26;Lat Krabang;57090;323,9;;1;;2
2026-08-26;Lat Phrao;60006;404,8;;4;;2
2026-08-26;Min Buri;67552;305,8;5,79;9;;2
2026-08-26;Nong Khaem;;140;;0;;2
2026-08-26;Pathum Wan;175439;730,6;4,91;39;;2
2026-08-26;Phasi Charoen;70889;363,6;5,67;33;;2
2026-08-26;Phaya Thai;112000;512,9;4,92;46;;2
2026-08-26;Phra Khanong;77190;448,2;5,59;53;9,3;2
2026-08-26;Phra Nakhon;77685;471,5;;1;;2
2026-08-26;Pom Prap Sattru Phai;112575;581,4;;1;;2
2026-08-26;Prawet;51549;309,9;6,71;8;;2
2026-08-26;Rat Burana;61344;285,6;5,67;13;;2
2026-08-26;Ratchathewi;146429;622,2;4,74;61;4,9;2
2026-08-26;Sai Mai;63776;400;6,77;5;;2
2026-08-26;Saphan Sung;40980;183,6;;1;;2
2026-08-26;Sathon;133333;500;5,07;40;6,8;2
2026-08-26;Suan Luang;66071;418;6,36;37;;2
2026-08-26;Taling Chan;43315;260,4;;1;;2
2026-08-26;Thon Buri;77646;390,3;5,71;34;;2
2026-08-26;Thung Khru;84892;384,3;;1;;2
2026-08-26;Vadhana;136668;609,8;5,3;168;4,4;2
2026-08-26;Wang Thonglang;54215;321,4;6,91;22;;2
2026-08-26;Yan Nawa;84333;407,4;5,34;27;;2
2026-08-28;Bang Bon;41774;238,9;;1;;2
2026-08-28;Bang Kapi;59997;409,1;6,27;46;18,3;2
2026-08-28;Bang Khae;55332;317,6;6,66;7;;2
2026-08-28;Bang Khen;61771;400;6,3;19;16,9;2
2026-08-28;Bang Kho Laem;104899;475,1;5,4;17;;2
2026-08-28;Bang Khun Thian;59156;277,2;;2;;2
2026-08-28;Bang Na;63611;400,1;5,8;42;15,5;2
2026-08-28;Bang Phlat;74157;402,3;5,83;29;;2
2026-08-28;Bang Rak;158840;648,7;4,78;47;17,3;2
2026-08-28;Bang Sue;76427;372,1;5,37;28;7,1;2
2026-08-28;Bangkok Noi;80351;392,3;5,46;21;;2
2026-08-28;Bangkok Yai;81925;395,5;5,42;11;;2
2026-08-28;Bueng Kum;50552;278,3;6,46;21;;2
2026-08-28;Chatuchak;82679;466,7;5,6;101;6,2;2
2026-08-28;Chom Thong;65333;315,8;5,75;21;;2
2026-08-28;Din Daeng;96089;485,7;5,61;36;11,3;2
2026-08-28;Don Mueang;62796;333,9;;1;;2
2026-08-28;Dusit;88636;369,4;;2;;2
2026-08-28;Huai Khwang;81313;481,5;5,78;95;17,1;2
2026-08-28;Khan Na Yao;57143;374;5,25;7;;2
2026-08-28;Khlong San;108443;443,8;4,8;42;10,2;2
2026-08-28;Khlong Toei;136371;641,2;5,44;119;14,4;2
2026-08-28;Lak Si;65900;357,1;;4;;2
2026-08-28;Lat Krabang;56333;380;;2;;2
2026-08-28;Lat Phrao;53022;518,5;;3;26,7;2
2026-08-28;Min Buri;66811;305,8;5,68;9;;2
2026-08-28;Nong Khaem;;140;;0;;2
2026-08-28;Pathum Wan;176187;751,2;4,84;40;8,9;2
2026-08-28;Phasi Charoen;71650;359,5;5,67;33;12,8;2
2026-08-28;Phaya Thai;111010;516,1;5,04;50;9,2;2
2026-08-28;Phra Khanong;75133;442,9;5,57;55;11,8;2
2026-08-28;Phra Nakhon;77685;471,5;;1;;2
2026-08-28;Pom Prap Sattru Phai;112575;581,4;;1;;2
2026-08-28;Prawet;50936;315,4;6,72;9;;2
2026-08-28;Rat Burana;59570;285,6;5,75;13;;2
2026-08-28;Ratchathewi;146597;612,2;4,69;60;9,6;2
2026-08-28;Sai Mai;65569;405,4;6,7;6;;2
2026-08-28;Samphanthawong;112581;;;0;;2
2026-08-28;Saphan Sung;40980;258,5;;1;;2
2026-08-28;Sathon;133204;503,6;5,07;43;8,2;2
2026-08-28;Suan Luang;64941;403,1;6,41;40;10,2;2
2026-08-28;Taling Chan;43310;260,4;;1;;2
2026-08-28;Thon Buri;77141;371,4;5,87;37;11,5;2
2026-08-28;Thung Khru;82353;378,9;;2;;2
2026-08-28;Vadhana;134143;613,5;5,35;172;7,4;2
2026-08-28;Wang Thonglang;54828;321,4;6,85;22;;2
2026-08-28;Yan Nawa;84333;405,8;5,45;32;11,5;2
2026-08-29;Bang Bon;41774;238,9;;1;;2
2026-08-29;Bang Kapi;60000;409,1;6,24;46;14,7;2
2026-08-29;Bang Khae;56096;321;6,67;8;;2
2026-08-29;Bang Khen;60629;401;6,3;17;16,4;2
2026-08-29;Bang Kho Laem;116188;491,3;5,32;19;;2
2026-08-29;Bang Khun Thian;59615;277,2;;2;;2
2026-08-29;Bang Na;62171;398,2;5,94;45;6,5;2
2026-08-29;Bang Phlat;74000;402,3;5,93;30;;2
2026-08-29;Bang Rak;160605;674,2;4,82;47;7,9;2
2026-08-29;Bang Sue;76048;366,7;5,45;29;8,9;2
2026-08-29;Bangkok Noi;79775;388,5;5,45;20;;2
2026-08-29;Bangkok Yai;81706;395,5;5,42;11;;2
2026-08-29;Bueng Kum;51495;278,3;6,46;21;;2
2026-08-29;Chatuchak;82679;467,7;5,61;105;4,7;2
2026-08-29;Chom Thong;65333;319,1;5,75;21;;2
2026-08-29;Din Daeng;94341;484,9;5,55;36;14,9;2
2026-08-29;Don Mueang;62796;373,1;;1;;2
2026-08-29;Dusit;86818;369,4;;2;;2
2026-08-29;Huai Khwang;81689;478,3;5,74;94;13,4;2
2026-08-29;Khan Na Yao;57143;374;5,25;7;;2
2026-08-29;Khlong San;109253;444,8;4,81;44;6,6;2
2026-08-29;Khlong Toei;136371;639,5;5,39;119;8,9;2
2026-08-29;Lak Si;65976;357,1;;4;;2
2026-08-29;Lat Krabang;56333;380;;2;;2
2026-08-29;Lat Phrao;56938;461,6;;3;;2
2026-08-29;Min Buri;68215;305,8;5,68;9;;2
2026-08-29;Nong Khaem;;140;;0;;2
2026-08-29;Pathum Wan;176187;731,1;4,87;41;6,6;2
2026-08-29;Phasi Charoen;72632;355,4;5,67;33;11;2
2026-08-29;Phaya Thai;111456;516,1;5,17;50;9,4;2
2026-08-29;Phra Khanong;76405;457,1;5,53;55;8,7;2
2026-08-29;Phra Nakhon;100692;471,5;;1;;2
2026-08-29;Pom Prap Sattru Phai;106667;581,4;;1;;2
2026-08-29;Prawet;46914;315,4;6,75;9;;2
2026-08-29;Rat Burana;59570;285,6;5,75;13;;2
2026-08-29;Ratchathewi;146429;612,2;4,69;60;5,3;2
2026-08-29;Sai Mai;65569;410,7;6,63;5;;2
2026-08-29;Samphanthawong;112581;;;0;;2
2026-08-29;Saphan Sung;54530;258,5;;1;;2
2026-08-29;Sathon;133204;507,1;5,11;44;;2
2026-08-29;Suan Luang;67693;400;6,41;39;8,2;2
2026-08-29;Taling Chan;43310;260,4;;1;;2
2026-08-29;Thon Buri;77632;382,2;5,85;37;7,3;2
2026-08-29;Thung Khru;82353;378,9;;2;;2
2026-08-29;Vadhana;134029;613,5;5,36;174;5,1;2
2026-08-29;Wang Thonglang;55709;327,6;6,85;22;;2
2026-08-29;Yan Nawa;84722;390,2;5,53;32;7,4;2
2026-08-30;Bang Bon;41774;238,9;;1;;2
2026-08-30;Bang Kapi;60161;409,1;6,23;46;18,1;2
2026-08-30;Bang Khae;55544;321;6,67;8;;2
2026-08-30;Bang Khen;61667;401,3;6,17;16;;2
2026-08-30;Bang Kho Laem;124815;491,3;5,37;20;;2
2026-08-30;Bang Khun Thian;53871;277,2;;2;;2
2026-08-30;Bang Na;62208;396,4;5,85;44;10;2
2026-08-30;Bang Phlat;74280;403,1;6,07;29;15;2
2026-08-30;Bang Rak;160673;657,7;4,82;47;14,4;2
2026-08-30;Bang Sue;74680;369,4;5,48;29;14,5;2
2026-08-30;Bangkok Noi;79775;388,5;5,43;21;;2
2026-08-30;Bangkok Yai;81706;395,5;5,42;11;;2
2026-08-30;Bueng Kum;51442;278,3;6,5;21;7;2
2026-08-30;Chatuchak;82608;472,1;5,54;105;3,7;2
2026-08-30;Chom Thong;65333;315,8;5,75;21;;2
2026-08-30;Din Daeng;93575;478,1;5,65;35;16;2
2026-08-30;Don Mueang;59259;373,1;;1;;2
2026-08-30;Dusit;86818;369,4;;2;;2
2026-08-30;Huai Khwang;81352;483,7;5,7;94;13;2
2026-08-30;Khan Na Yao;57143;374;5,25;7;;2
2026-08-30;Khlong San;108661;443,8;4,81;43;11,6;2
2026-08-30;Khlong Toei;136371;636,1;5,4;120;10,1;2
2026-08-30;Lak Si;65976;357,1;;4;;2
2026-08-30;Lat Krabang;56333;380;;3;;2
2026-08-30;Lat Phrao;54930;497,9;;3;34,5;2
2026-08-30;Min Buri;69170;305,8;5,53;9;;2
2026-08-30;Nong Khaem;;140;;0;;2
2026-08-30;Pathum Wan;173501;707,1;4,89;42;16,9;2
2026-08-30;Phasi Charoen;71994;364,1;5,74;33;;2
2026-08-30;Phaya Thai;111010;516,1;5,13;51;14;2
2026-08-30;Phra Khanong;76469;445;5,52;57;7,9;2
2026-08-30;Phra Nakhon;100692;471,5;;1;;2
2026-08-30;Pom Prap Sattru Phai;106667;581,4;;1;;2
2026-08-30;Prawet;50936;315,4;6,75;9;;2
2026-08-30;Rat Burana;59570;285,6;5,75;13;;2
2026-08-30;Ratchathewi;146429;617,2;4,71;60;3,1;2
2026-08-30;Sai Mai;67362;410,7;6,63;5;;2
2026-08-30;Samphanthawong;112581;;;0;;2
2026-08-30;Saphan Sung;54530;258,5;;1;;2
2026-08-30;Sathon;133204;507,1;5,11;44;;2
2026-08-30;Suan Luang;68420;401,3;6,42;38;11,7;2
2026-08-30;Taling Chan;43310;260,4;;1;;2
2026-08-30;Thon Buri;77632;387,1;5,85;38;11,6;2
2026-08-30;Thung Khru;82353;385,9;;2;;2
2026-08-30;Vadhana;133772;616,4;5,35;174;3,2;2
2026-08-30;Wang Thonglang;56591;327,6;6,75;22;;2
2026-08-30;Yan Nawa;83333;390,1;5,46;32;8,3;2
2026-09-01;Bang Bon;41774;230,8;;1;;2
2026-09-01;Bang Kapi;59365;409,1;6,49;47;11,8;2
2026-09-01;Bang Khae;52031;322,4;6,66;9;;2
2026-09-01;Bang Khen;61148;401,3;6,27;18;14;2
2026-09-01;Bang Kho Laem;124129;491,3;5,35;20;;2
2026-09-01;Bang Khun Thian;54905;277,2;;2;;2
2026-09-01;Bang Na;62208;384,1;5,86;51;9;2
2026-09-01;Bang Phlat;73702;403,1;6,07;29;17,5;2
2026-09-01;Bang Rak;161318;666,7;4,85;49;14,9;2
2026-09-01;Bang Sue;75757;369,4;5,45;29;9,8;2
2026-09-01;Bangkok Noi;79775;392,3;5,43;21;;2
2026-09-01;Bangkok Yai;81706;395,5;5,42;11;;2
2026-09-01;Bueng Kum;51413;278,8;6,56;21;;2
2026-09-01;Chatuchak;82837;469,9;5,53;106;;2
2026-09-01;Chom Thong;65333;315,8;5,75;21;;2
2026-09-01;Din Daeng;92498;468,3;5,48;35;14,4;2
2026-09-01;Don Mueang;48182;347,1;;2;;2
2026-09-01;Dusit;108140;409,1;;3;;2
2026-09-01;Huai Khwang;81014;485,9;5,79;96;14,6;2
2026-09-01;Khan Na Yao;57143;374;5,25;7;;2
2026-09-01;Khlong San;109036;430,3;4,79;44;15,3;2
2026-09-01;Khlong Toei;136371;631;5,4;122;10,5;2
2026-09-01;Lak Si;66071;357,1;;4;;2
2026-09-01;Lat Krabang;56333;380;;3;;2
2026-09-01;Lat Phrao;53168;464,6;;4;;2
2026-09-01;Min Buri;69170;305,8;5,53;9;;2
2026-09-01;Nong Khaem;;140;;0;;2
2026-09-01;Pathum Wan;173501;703,1;4,85;43;6,3;2
2026-09-01;Phasi Charoen;70216;359,6;5,78;33;12;2
2026-09-01;Phaya Thai;109992;495,3;5;52;12,4;2
2026-09-01;Phra Khanong;76667;442,8;5,68;58;6;2
2026-09-01;Phra Nakhon;100692;425,5;;1;;2
2026-09-01;Pom Prap Sattru Phai;106667;581,4;;1;;2
2026-09-01;Prawet;50745;300;6,43;9;;2
2026-09-01;Rat Burana;59667;285,6;5,75;13;;2
2026-09-01;Ratchathewi;146429;617,2;4,69;61;;2
2026-09-01;Sai Mai;63776;410,7;6,63;5;;2
2026-09-01;Samphanthawong;112581;;;0;;2
2026-09-01;Saphan Sung;54530;258,5;;1;;2
2026-09-01;Sathon;132962;499,5;5,13;43;;2
2026-09-01;Suan Luang;66002;392,9;6,51;38;14,4;2
2026-09-01;Taling Chan;43172;255,9;;1;;2
2026-09-01;Thon Buri;79281;377,4;5,87;38;;2
2026-09-01;Thung Khru;64286;381,1;;2;;2
2026-09-01;Vadhana;134143;617,3;5,34;175;2;2
2026-09-01;Wang Thonglang;53704;321,4;6,76;22;5,4;2
2026-09-01;Yan Nawa;86706;403,3;5,29;33;10,7;2
2026-09-02;Bang Bon;41774;230,8;;1;;2
2026-09-02;Bang Kapi;59365;409,1;6,43;48;22,8;2
2026-09-02;Bang Khae;53665;321;6,66;9;;2
2026-09-02;Bang Khen;61719;403,8;6,23;17;20,3;2
2026-09-02;Bang Kho Laem;122258;491,3;5,35;20;;2
2026-09-02;Bang Khun Thian;54905;277,2;;2;;2
2026-09-02;Bang Na;62208;375,9;5,99;53;8,5;2
2026-09-02;Bang Phlat;74559;404,1;6,07;29;16,7;2
2026-09-02;Bang Rak;163671;674,2;4,87;49;20,2;2
2026-09-02;Bang Sue;75000;369,4;5,39;29;9,8;2
2026-09-02;Bangkok Noi;80351;392,3;5,43;21;;2
2026-09-02;Bangkok Yai;81706;395,5;5,42;11;;2
2026-09-02;Bueng Kum;51413;278,9;6,56;21;;2
2026-09-02;Chatuchak;82837;467,7;5,5;107;;2
2026-09-02;Chom Thong;65333;315,8;5,75;21;;2
2026-09-02;Din Daeng;91777;484,9;5,55;35;18,4;2
2026-09-02;Don Mueang;48182;340;;2;;2
2026-09-02;Dusit;108140;409,1;;3;;2
2026-09-02;Huai Khwang;81014;478,3;5,85;96;16,4;2
2026-09-02;Khan Na Yao;57143;362,3;5,25;7;;2
2026-09-02;Khlong San;106187;437,1;4,8;43;19,2;2
2026-09-02;Khlong Toei;136241;629,5;5,4;121;12;2
2026-09-02;Lak Si;66071;357,1;;4;;2
2026-09-02;Lat Krabang;56333;380;;3;;2
2026-09-02;Lat Phrao;55087;410,7;;4;28,1;2
2026-09-02;Min Buri;69170;305,8;5,53;9;;2
2026-09-02;Nong Khaem;;140;;0;;2
2026-09-02;Pathum Wan;173501;703,1;4,85;43;11,4;2
2026-09-02;Phasi Charoen;67552;365,2;5,78;33;11,7;2
2026-09-02;Phaya Thai;107593;495,3;5,02;52;19,7;2
2026-09-02;Phra Khanong;76469;445;5,68;58;5,1;2
2026-09-02;Phra Nakhon;100692;425,5;;1;;2
2026-09-02;Pom Prap Sattru Phai;106667;581,4;;1;;2
2026-09-02;Prawet;50745;302,2;6,43;9;;2
2026-09-02;Rat Burana;59667;285,6;5,75;13;;2
2026-09-02;Ratchathewi;146429;612,8;4,69;61;;2
2026-09-02;Sai Mai;63776;410,7;6,63;5;;2
2026-09-02;Samphanthawong;112581;;;0;;2
2026-09-02;Saphan Sung;54530;258,5;;1;;2
2026-09-02;Sathon;132962;499;5,13;43;;2
2026-09-02;Suan Luang;66196;393,8;6,48;39;15,4;2
2026-09-02;Taling Chan;43172;260,4;;1;;2
2026-09-02;Thon Buri;78802;377,4;5,86;38;8;2
2026-09-02;Thung Khru;64286;383,2;;2;;2
2026-09-02;Vadhana;134143;619,4;5,38;175;1,9;2
2026-09-02;Wang Thonglang;55147;327,6;6,63;22;6,9;2
2026-09-02;Yan Nawa;86984;395,3;5,4;33;12,8;2
2026-09-03;Bang Bon;41774;230,8;;1;;2
2026-09-03;Bang Kapi;59531;406,9;6,55;49;7,4;2
2026-09-03;Bang Khae;53665;316,7;6,62;10;;2
2026-09-03;Bang Khen;61719;403,8;6,23;17;14;2
2026-09-03;Bang Kho Laem;124129;480,1;5,32;21;;2
2026-09-03;Bang Khun Thian;54905;277,2;;2;;2
2026-09-03;Bang Na;61873;377,8;5,98;54;10,3;2
2026-09-03;Bang Phlat;73404;404,1;6,1;30;10,5;2
2026-09-03;Bang Rak;160947;666,7;4,89;48;17,9;2
2026-09-03;Bang Sue;74776;366,7;5,48;30;10,2;2
2026-09-03;Bangkok Noi;83777;384,6;5,37;20;;2
2026-09-03;Bangkok Yai;85725;395,5;5,48;10;;2
2026-09-03;Bueng Kum;51330;279,1;6,56;21;;2
2026-09-03;Chatuchak;82818;464,3;5,47;107;;2
2026-09-03;Chom Thong;65333;312,5;5,74;21;;2
2026-09-03;Din Daeng;92009;468,3;5,56;36;13,5;2
2026-09-03;Don Mueang;48182;340;;2;;2
2026-09-03;Dusit;108140;409,1;;3;;2
2026-09-03;Huai Khwang;81786;485,9;5,96;96;14,5;2
2026-09-03;Khan Na Yao;56800;366,8;5,25;7;;2
2026-09-03;Khlong San;106187;442,2;4,79;45;14,5;2
2026-09-03;Khlong Toei;136241;629,8;5,4;125;11,9;2
2026-09-03;Lak Si;66147;357,1;;4;;2
2026-09-03;Lat Krabang;56333;380;;3;;2
2026-09-03;Lat Phrao;53015;469,3;7,29;5;;2
2026-09-03;Min Buri;66811;305,8;5,53;9;;2
2026-09-03;Nong Khaem;;140;;0;;2
2026-09-03;Pathum Wan;173501;690,4;4,78;43;12;2
2026-09-03;Phasi Charoen;71994;355,6;5,74;33;12,2;2
2026-09-03;Phaya Thai;108342;490,6;5,02;54;19,4;2
2026-09-03;Phra Khanong;77346;444,3;5,64;57;10,6;2
2026-09-03;Phra Nakhon;100692;425,5;;1;;2
2026-09-03;Pom Prap Sattru Phai;106667;581,4;;1;;2
2026-09-03;Prawet;51406;300;6,39;11;;2
2026-09-03;Rat Burana;59667;285,6;5,75;13;;2
2026-09-03;Ratchathewi;146429;622,2;4,7;60;;2
2026-09-03;Sai Mai;63776;410,7;6,63;5;;2
2026-09-03;Samphanthawong;112581;;;0;;2
2026-09-03;Saphan Sung;54530;258,5;;1;;2
2026-09-03;Sathon;132962;500;5,13;43;;2
2026-09-03;Suan Luang;64613;395,1;6,44;39;14,9;2
2026-09-03;Taling Chan;43172;260,4;;1;;2
2026-09-03;Thon Buri;78189;377,4;5,88;38;;2
2026-09-03;Thung Khru;64286;383,2;;2;;2
2026-09-03;Vadhana;133886;623,2;5,4;177;2,3;2
2026-09-03;Wang Thonglang;55147;321,4;6,63;22;5,5;2
2026-09-03;Yan Nawa;84722;390,1;5,52;34;8,6;2
2026-09-04;Bang Bon;41774;230,8;;1;;2
2026-09-04;Bang Kapi;59531;400;6,49;48;21,5;2
2026-09-04;Bang Khae;51786;318,8;6,62;10;;2
2026-09-04;Bang Khen;61719;393,9;6,3;19;;2
2026-09-04;Bang Kho Laem;122516;466,3;5,32;21;;2
2026-09-04;Bang Khun Thian;54905;277,2;;2;;2
2026-09-04;Bang Na;63043;377,3;5,84;52;11,8;2
2026-09-04;Bang Phlat;73131;404,1;6,19;30;;2
2026-09-04;Bang Rak;160961;666,7;4,91;48;6,8;2
2026-09-04;Bang Sue;75359;361,5;5,4;32;8,7;2
2026-09-04;Bangkok Noi;83777;384,6;5,37;20;;2
2026-09-04;Bangkok Yai;85725;395,5;5,47;10;;2
2026-09-04;Bueng Kum;51111;277,3;6,56;21;;2
2026-09-04;Chatuchak;82389;463,4;5,48;108;;2
2026-09-04;Chom Thong;65333;315,8;5,74;21;;2
2026-09-04;Din Daeng;91304;464,7;5,58;36;12,7;2
2026-09-04;Don Mueang;48182;340;;2;;2
2026-09-04;Dusit;108140;409,1;;3;;2
2026-09-04;Huai Khwang;81938;483;5,84;96;12,8;2
2026-09-04;Khan Na Yao;56800;430;5,67;6;;2
2026-09-04;Khlong San;104922;437,5;4,89;44;9,7;2
2026-09-04;Khlong Toei;136241;632,7;5,39;127;9,7;2
2026-09-04;Lak Si;65155;357,1;;4;;2
2026-09-04;Lat Krabang;56333;380;;3;;2
2026-09-04;Lat Phrao;55087;448,3;7,17;6;;2
2026-09-04;Min Buri;70139;302,1;5,43;9;;2
2026-09-04;Nong Khaem;;140;;0;;2
2026-09-04;Pathum Wan;173501;694,5;4,71;42;11,6;2
2026-09-04;Phasi Charoen;70565;363,6;5,78;33;10,4;2
2026-09-04;Phaya Thai;107547;495,3;4,98;52;11,8;2
2026-09-04;Phra Khanong;76667;441,2;5,71;58;11,6;2
2026-09-04;Phra Nakhon;100692;425,5;;1;;2
2026-09-04;Pom Prap Sattru Phai;110476;581,4;;1;;2
2026-09-04;Prawet;51406;297,1;6,39;11;;2
2026-09-04;Rat Burana;60686;285,6;5,67;13;;2
2026-09-04;Ratchathewi;146429;622,2;4,69;60;4,4;2
2026-09-04;Sai Mai;63776;410,7;6,63;5;;2
2026-09-04;Samphanthawong;112581;;;0;;2
2026-09-04;Saphan Sung;54530;258,5;;1;;2
2026-09-04;Sathon;132550;499,5;5,08;43;;2
2026-09-04;Suan Luang;66002;387,4;6,46;40;11,5;2
2026-09-04;Taling Chan;43310;260,4;;1;;2
2026-09-04;Thon Buri;76473;387,1;5,88;37;7,4;2
2026-09-04;Thung Khru;64286;388;;2;;2
2026-09-04;Vadhana;133480;621,4;5,42;179;4,5;2
2026-09-04;Wang Thonglang;57270;321,4;6,57;24;;2
2026-09-04;Yan Nawa;84722;390,3;5,64;34;6,9;2
2026-09-05;Bang Bon;41774;230,8;;1;;2
2026-09-05;Bang Kapi;58996;400;6,28;48;21;2
2026-09-05;Bang Khae;54067;318,8;6,62;10;;2
2026-09-05;Bang Khen;61667;400;6,4;18;17,2;2
2026-09-05;Bang Kho Laem;122516;483,1;5,32;21;;2
2026-09-05;Bang Khun Thian;53871;277,2;;2;;2
2026-09-05;Bang Na;62679;380,9;5,91;53;12,7;2
2026-09-05;Bang Phlat;73317;403,2;6,08;31;;2
2026-09-05;Bang Rak;166032;666,7;4,86;48;13,7;2
2026-09-05;Bang Sue;75385;361,1;5,51;36;12,3;2
2026-09-05;Bangkok Noi;83708;384,6;5,37;20;;2
2026-09-05;Bangkok Yai;85714;395,5;5,47;10;;2
2026-09-05;Bueng Kum;50843;277,9;6,56;21;;2
2026-09-05;Chatuchak;82389;461,5;5,59;113;4,6;2
2026-09-05;Chom Thong;66538;315,8;5,72;21;;2
2026-09-05;Din Daeng;91304;465,1;5,58;36;15,2;2
2026-09-05;Don Mueang;48182;307,1;;2;;2
2026-09-05;Dusit;108140;375;;3;;2
2026-09-05;Huai Khwang;82187;479,9;5,91;96;14,6;2
2026-09-05;Khan Na Yao;56800;303,6;5,43;8;;2
2026-09-05;Khlong San;102870;439,5;4,81;43;10,7;2
2026-09-05;Khlong Toei;134715;633,4;5,34;127;13,8;2
2026-09-05;Lak Si;66038;357,1;;4;;2
2026-09-05;Lat Krabang;56720;380;;3;;2
2026-09-05;Lat Phrao;57143;436,5;7,29;6;;2
2026-09-05;Min Buri;70139;302,1;5,43;9;;2
2026-09-05;Nong Khaem;;140;;0;;2
2026-09-05;Pathum Wan;173357;727;4,64;43;12,3;2
2026-09-05;Phasi Charoen;66667;363,6;5,81;34;10,1;2
2026-09-05;Phaya Thai;109091;500;4,96;53;14,5;2
2026-09-05;Phra Khanong;78025;441,2;5,71;60;8,9;2
2026-09-05;Phra Nakhon;100692;425,5;;1;;2
2026-09-05;Pom Prap Sattru Phai;110000;581,4;;1;;2
2026-09-05;Prawet;52684;300;6,56;12;;2
2026-09-05;Rat Burana;60603;285,6;5,67;13;;2
2026-09-05;Ratchathewi;146429;617,2;4,73;61;6,8;2
2026-09-05;Sai Mai;63776;422;6,63;5;;2
2026-09-05;Samphanthawong;112581;;;0;;2
2026-09-05;Saphan Sung;54530;258,5;;1;;2
2026-09-05;Sathon;132550;500;5;43;;2
2026-09-05;Suan Luang;64941;379,2;6,45;42;11,8;2
2026-09-05;Taling Chan;43172;260,4;;1;;2
2026-09-05;Thon Buri;76827;400;5,94;39;;2
2026-09-05;Thung Khru;64286;392,9;;2;;2
2026-09-05;Vadhana;134029;622,5;5,44;180;6,5;2
2026-09-05;Wang Thonglang;57270;320;6,63;24;;2
2026-09-05;Yan Nawa;81444;398,8;5,67;34;14,1;2
2026-09-06;Bang Bon;41774;230,8;;1;;2
2026-09-06;Bang Kapi;58929;400;6,43;49;20,5;2
2026-09-06;Bang Khae;55544;308,3;6,38;11;;2
2026-09-06;Bang Khen;61094;400;6,36;17;15,8;2
2026-09-06;Bang Kho Laem;119032;483,1;5,32;21;;2
2026-09-06;Bang Khun Thian;51352;277,2;;2;;2
2026-09-06;Bang Na;62857;384,6;5,99;55;11,4;2
2026-09-06;Bang Phlat;72996;403,2;6,08;31;13,2;2
2026-09-06;Bang Rak;164522;655,3;4,86;48;15,2;2
2026-09-06;Bang Sue;75359;361,9;5,51;36;12;2
2026-09-06;Bangkok Noi;87341;395,7;5,43;21;;2
2026-09-06;Bangkok Yai;85714;395,5;5,47;10;;2
2026-09-06;Bueng Kum;48543;275,7;6,47;22;;2
2026-09-06;Chatuchak;82097;457,8;5,59;114;;2
2026-09-06;Chom Thong;64954;315,8;5,76;21;;2
2026-09-06;Din Daeng;91935;467,9;5,62;36;9,6;2
2026-09-06;Don Mueang;48182;307,1;;2;;2
2026-09-06;Dusit;108140;375;;3;;2
2026-09-06;Huai Khwang;82265;489,4;5,86;98;9,8;2
2026-09-06;Khan Na Yao;56800;303,6;5,66;8;;2
2026-09-06;Khlong San;108461;438,8;4,93;43;8,3;2
2026-09-06;Khlong Toei;136111;632,7;5,35;126;11;2
2026-09-06;Lak Si;65549;363,4;6,26;5;;2
2026-09-06;Lat Krabang;56333;380;;3;;2
2026-09-06;Lat Phrao;59067;448,3;7,17;6;;2
2026-09-06;Min Buri;70139;302,1;5,43;9;;2
2026-09-06;Nong Khaem;;140;;0;;2
2026-09-06;Pathum Wan;173357;711,1;4,78;43;8;2
2026-09-06;Phasi Charoen;68616;364,6;5,78;33;;2
2026-09-06;Phaya Thai;107593;500;4,96;53;12,4;2
2026-09-06;Phra Khanong;78827;430,9;5,73;62;6,3;2
2026-09-06;Phra Nakhon;100692;425,5;;1;;2
2026-09-06;Pom Prap Sattru Phai;110000;581,4;;1;;2
2026-09-06;Prawet;51925;300;6,55;12;;2
2026-09-06;Rat Burana;60603;285,6;5,67;13;;2
2026-09-06;Ratchathewi;146429;603,5;4,66;62;5,9;2
2026-09-06;Sai Mai;64583;431;;4;;2
2026-09-06;Samphanthawong;112581;;;0;;2
2026-09-06;Saphan Sung;54530;258,5;;1;;2
2026-09-06;Sathon;131923;503,6;5;43;3,9;2
2026-09-06;Suan Luang;64941;379,2;6,45;43;8,7;2
2026-09-06;Taling Chan;43172;260,4;;1;;2
2026-09-06;Thon Buri;76473;393,6;5,94;39;;2
2026-09-06;Thung Khru;64286;388;;2;;2
2026-09-06;Vadhana;133772;618,9;5,44;180;4,1;2
2026-09-06;Wang Thonglang;57949;321,4;6,76;24;;2
2026-09-06;Yan Nawa;81778;407,4;5,68;34;14,2;2
2026-09-07;Bang Bon;41774;230,8;;1;;2
2026-09-07;Bang Kapi;58929;389,3;6,43;49;17,5;2
2026-09-07;Bang Khae;55544;308,3;6,38;11;;2
2026-09-07;Bang Khen;60577;376,6;6,41;17;;2
2026-09-07;Bang Kho Laem;119032;483,1;5,32;21;;2
2026-09-07;Bang Khun Thian;51352;277,2;;2;;2
2026-09-07;Bang Na;62950;384,4;5,94;52;12,3;2
2026-09-07;Bang Phlat;72909;408,3;6,06;31;;2
2026-09-07;Bang Rak;162993;666,7;4,82;48;10,8;2
2026-09-07;Bang Sue;75359;357,6;5,51;36;10,8;2
2026-09-07;Bangkok Noi;83777;395,7;5,43;21;;2
2026-09-07;Bangkok Yai;84827;395,5;5,53;10;;2
2026-09-07;Bueng Kum;50046;275,7;6,49;23;;2
2026-09-07;Chatuchak;82097;459,6;5,59;114;3;2
2026-09-07;Chom Thong;65333;315,8;5,76;21;;2
2026-09-07;Din Daeng;92116;465,1;5,65;37;9,7;2
2026-09-07;Don Mueang;56157;293,5;;2;;2
2026-09-07;Dusit;108140;375;;3;;2
2026-09-07;Huai Khwang;82265;492,1;5,84;101;9,3;2
2026-09-07;Khan Na Yao;56800;303,6;5,66;8;;2
2026-09-07;Khlong San;106187;438,3;4,93;43;15,8;2
2026-09-07;Khlong Toei;135441;639,7;5,32;124;8,1;2
2026-09-07;Lak Si;66038;357,1;;4;;2
2026-09-07;Lat Krabang;57514;380;;3;;2
2026-09-07;Lat Phrao;60992;448,3;7,17;6;;2
2026-09-07;Min Buri;70139;302,1;5,43;9;;2
2026-09-07;Nong Khaem;;140;;0;;2
2026-09-07;Pathum Wan;171275;727;4,79;44;6,8;2
2026-09-07;Phasi Charoen;70565;365,5;5,84;33;11,4;2
2026-09-07;Phaya Thai;107547;500;4,96;53;10,3;2
2026-09-07;Phra Khanong;76271;433,3;5,77;63;7,3;2
2026-09-07;Phra Nakhon;100692;425,5;;1;;2
2026-09-07;Pom Prap Sattru Phai;110000;581,4;;1;;2
2026-09-07;Prawet;51925;300;6,53;12;;2
2026-09-07;Rat Burana;60603;285,6;5,67;13;;2
2026-09-07;Ratchathewi;146429;603,5;4,66;62;6;2
2026-09-07;Sai Mai;64583;431;;4;;2
2026-09-07;Samphanthawong;112581;;;0;;2
2026-09-07;Saphan Sung;54530;258,5;;1;;2
2026-09-07;Sathon;132550;510,7;5;43;4,5;2
2026-09-07;Suan Luang;64941;388,9;6,52;44;7,3;2
2026-09-07;Taling Chan;43310;255,9;;1;;2
2026-09-07;Thon Buri;76473;387,1;5,94;39;;2
2026-09-07;Thung Khru;64286;392,9;;2;;2
2026-09-07;Vadhana;133313;613,5;5,4;181;3,3;2
2026-09-07;Wang Thonglang;56123;321,4;6,76;24;;2
2026-09-07;Yan Nawa;82317;407,4;5,73;34;18,8;2
2026-09-08;Bang Bon;41774;230,8;;1;;2
2026-09-08;Bang Kapi;58929;378,5;6,5;49;;2
2026-09-08;Bang Khae;55544;307,7;6,38;11;;2
2026-09-08;Bang Khen;60577;376,6;6,41;17;;2
2026-09-08;Bang Kho Laem;119032;500;5,22;22;;2
2026-09-08;Bang Khun Thian;51352;277,2;;2;;2
2026-09-08;Bang Na;62950;384,4;5,94;54;7,6;2
2026-09-08;Bang Phlat;72909;404,1;6,02;32;;2
2026-09-08;Bang Rak;162993;666,7;4,82;48;4,2;2
2026-09-08;Bang Sue;75359;361,1;5,51;37;;2
2026-09-08;Bangkok Noi;83777;395,7;5,43;21;;2
2026-09-08;Bangkok Yai;84827;395,5;5,53;10;;2
2026-09-08;Bueng Kum;50046;275,7;6,49;23;;2
2026-09-08;Chatuchak;82097;459,6;5,6;114;;2
2026-09-08;Chom Thong;65333;315,8;5,76;21;;2
2026-09-08;Din Daeng;92116;465,1;5,66;37;5,4;2
2026-09-08;Don Mueang;56157;293,5;;2;;2
2026-09-08;Dusit;108140;375;;3;;2
2026-09-08;Huai Khwang;82265;492,3;5,86;102;5,9;2
2026-09-08;Khan Na Yao;56800;303,6;5,66;8;;2
2026-09-08;Khlong San;106187;438,3;4,93;43;9,8;2
2026-09-08;Khlong Toei;135441;638,9;5,36;124;4,1;2
2026-09-08;Lak Si;66038;357,1;;4;;2
2026-09-08;Lat Krabang;57514;323,9;;4;;2
2026-09-08;Lat Phrao;60992;448,3;7,17;6;;2
2026-09-08;Min Buri;70139;302,1;5,43;9;;2
2026-09-08;Nong Khaem;;140;;0;;2
2026-09-08;Pathum Wan;171275;703,1;4,79;46;3,3;2
2026-09-08;Phasi Charoen;70565;365,5;5,84;33;;2
2026-09-08;Phaya Thai;107547;500;4,99;53;;2
2026-09-08;Phra Khanong;76271;430,8;5,77;63;4,8;2
2026-09-08;Phra Nakhon;100692;425,5;;1;;2
2026-09-08;Pom Prap Sattru Phai;110000;581,4;;1;;2
2026-09-08;Prawet;51925;302,2;6,53;12;;2
2026-09-08;Rat Burana;60603;285,6;5,67;13;;2
2026-09-08;Ratchathewi;146429;603,7;4,65;62;;2
2026-09-08;Sai Mai;64583;431;;4;;2
2026-09-08;Samphanthawong;112581;;;0;;2
2026-09-08;Saphan Sung;54530;258,5;;1;;2
2026-09-08;Sathon;132550;510,7;5;43;;2
2026-09-08;Suan Luang;64941;390,9;6,48;45;;2
2026-09-08;Taling Chan;43310;255,9;;1;;2
2026-09-08;Thon Buri;76473;387,1;5,94;39;;2
2026-09-08;Thung Khru;64286;392,9;;2;;2
2026-09-08;Vadhana;133313;617;5,38;182;0,9;2
2026-09-08;Wang Thonglang;56123;321,4;6,76;24;;2
2026-09-08;Yan Nawa;82317;414,3;5,75;34;9,1;2
2026-09-09;Bang Bon;41774;230,8;;1;;2
2026-09-09;Bang Kapi;58929;382,8;6,53;51;;2
2026-09-09;Bang Khae;54148;312,5;6,38;11;;2
2026-09-09;Bang Khen;60577;366;6,37;17;;2
2026-09-09;Bang Kho Laem;119032;500;5,22;22;;2
2026-09-09;Bang Khun Thian;51352;277,2;;2;;2
2026-09-09;Bang Na;63330;384,1;5,92;54;;2
2026-09-09;Bang Phlat;72500;404,1;5,97;33;;2
2026-09-09;Bang Rak;162181;666,7;4,8;49;27,1;2
2026-09-09;Bang Sue;75359;361,9;5,51;38;;2
2026-09-09;Bangkok Noi;80351;403,4;5,46;21;;2
2026-09-09;Bangkok Yai;81971;395,5;5,54;11;;2
2026-09-09;Bueng Kum;49315;275,7;6,57;23;;2
2026-09-09;Chatuchak;82097;457,1;5,58;116;;2
2026-09-09;Chom Thong;65333;315,8;5,76;21;;2
2026-09-09;Din Daeng;91710;475;5,66;39;;2
2026-09-09;Don Mueang;56047;307,1;;2;;2
2026-09-09;Dusit;108140;312,5;;4;;2
2026-09-09;Huai Khwang;81938;485,2;5,79;100;42,2;2
2026-09-09;Khan Na Yao;56800;303,6;5,68;8;;2
2026-09-09;Khlong San;106187;442,4;4,89;42;28,6;2
2026-09-09;Khlong Toei;134685;647,3;5,35;123;17,2;2
2026-09-09;Lak Si;66038;357,1;;4;;2
2026-09-09;Lat Krabang;56333;323,9;6,9;6;;2
2026-09-09;Lat Phrao;53030;448,3;7,17;6;;2
2026-09-09;Min Buri;69531;302,1;5,43;9;;2
2026-09-09;Nong Khaem;;140;;0;;2
2026-09-09;Pathum Wan;170482;701,6;4,78;47;;2
2026-09-09;Phasi Charoen;70565;367,9;5,84;33;;2
2026-09-09;Phaya Thai;107772;500;4,98;54;;2
2026-09-09;Phra Khanong;77148;430,8;5,84;63;44;2
2026-09-09;Phra Nakhon;100692;425,5;;1;;2
2026-09-09;Pom Prap Sattru Phai;110000;581,4;;1;;2
2026-09-09;Prawet;51925;297,1;6,64;11;;2
2026-09-09;Rat Burana;60603;285,6;5,67;13;;2
2026-09-09;Ratchathewi;146429;603,5;4,7;63;;2
2026-09-09;Sai Mai;64583;422;6,01;5;;2
2026-09-09;Samphanthawong;112581;;;0;;2
2026-09-09;Saphan Sung;54530;258,5;;1;;2
2026-09-09;Sathon;131923;507,1;5;43;;2
2026-09-09;Suan Luang;67215;396,4;6,48;45;;2
2026-09-09;Taling Chan;43310;255,9;;1;;2
2026-09-09;Thon Buri;76023;384,2;5,95;40;;2
2026-09-09;Thung Khru;64286;383,2;;2;;2
2026-09-09;Vadhana;133543;621,8;5,39;183;;2
2026-09-09;Wang Thonglang;56591;321,4;6,76;24;;2
2026-09-09;Yan Nawa;82317;409,7;5,75;35;20,9;2
2026-09-11;Bang Bon;43798;230,8;;2;;2
2026-09-11;Bang Kapi;58929;382,8;6,56;53;14,4;2
2026-09-11;Bang Khae;55544;312,5;6,42;11;;2
2026-09-11;Bang Khen;60629;377,2;6,32;18;16,4;2
2026-09-11;Bang Kho Laem;119032;500;5,21;21;;2
2026-09-11;Bang Khun Thian;51892;277,2;;2;;2
2026-09-11;Bang Na;62291;379,8;5,95;54;5,4;2
2026-09-11;Bang Phlat;73462;404,1;6,03;32;10,8;2
2026-09-11;Bang Rak;168085;670;4,86;47;12;2
2026-09-11;Bang Sue;75385;366,7;5,51;37;;2
2026-09-11;Bangkok Noi;80351;403,4;5,55;22;;2
2026-09-11;Bangkok Yai;78571;391,1;5,52;11;;2
2026-09-11;Bueng Kum;49272;275,7;6,57;23;7,6;2
2026-09-11;Chatuchak;82058;462;5,58;118;5,5;2
2026-09-11;Chom Thong;65333;315,8;5,78;21;;2
2026-09-11;Din Daeng;91304;457,1;5,7;39;15,8;2
2026-09-11;Don Mueang;63913;293,5;;3;;2
2026-09-11;Dusit;108140;312,5;;4;;2
2026-09-11;Huai Khwang;82195;489,1;5,8;101;13,5;2
2026-09-11;Khan Na Yao;56800;285,7;5,68;9;;2
2026-09-11;Khlong San;106304;435,6;4,92;44;13;2
2026-09-11;Khlong Toei;134530;651,1;5,33;123;7,9;2
2026-09-11;Lak Si;65094;328,6;;3;;2
2026-09-11;Lat Krabang;53920;379,4;6,61;7;;2
2026-09-11;Lat Phrao;57143;448,3;7,13;6;25;2
2026-09-11;Min Buri;70312;302,1;5,56;9;;2
2026-09-11;Nong Khaem;;140;;0;;2
2026-09-11;Pathum Wan;171275;681,3;4,65;46;8,5;2
2026-09-11;Phasi Charoen;68308;366,7;5,9;35;;2
2026-09-11;Phaya Thai;109091;483,9;4,85;57;15,7;2
2026-09-11;Phra Khanong;74468;428,6;5,89;67;11,6;2
2026-09-11;Phra Nakhon;100692;385,2;;1;;2
2026-09-11;Pom Prap Sattru Phai;110000;581,4;;1;;2
2026-09-11;Prawet;51406;304,4;6,59;11;;2
2026-09-11;Rat Burana;59833;285,6;5,67;13;;2
2026-09-11;Ratchathewi;147926;607,3;4,74;65;4,1;2
2026-09-11;Sai Mai;64583;413,1;6,14;5;;2
2026-09-11;Samphanthawong;112581;468,8;;0;;2
2026-09-11;Saphan Sung;54530;258,5;;1;;2
2026-09-11;Sathon;131250;503,6;5,03;43;4,4;2
2026-09-11;Suan Luang;63333;375;6,55;49;16,8;2
2026-09-11;Taling Chan;43522;255,9;;1;;2
2026-09-11;Thon Buri;77141;383;5,94;40;8,5;2
2026-09-11;Thung Khru;64286;382,4;;2;;2
2026-09-11;Vadhana;132456;615;5,42;185;5;2
2026-09-11;Wang Thonglang;56591;321,4;6,71;24;;2
2026-09-11;Yan Nawa;82192;390,2;5,67;36;10,1;2
2026-09-12;Bang Bon;43798;230,8;;2;;2
2026-09-12;Bang Kapi;58929;379,5;6,5;53;1,7;2
2026-09-12;Bang Khae;52968;325;6,32;10;;2
2026-09-12;Bang Khen;60661;375;6,31;18;;2
2026-09-12;Bang Kho Laem;109259;500;5,28;21;;2
2026-09-12;Bang Khun Thian;51892;277,2;;2;;2
2026-09-12;Bang Na;62574;384,6;5,96;54;1;2
2026-09-12;Bang Phlat;72500;404,1;6,26;33;;2
2026-09-12;Bang Rak;168085;633,9;4,85;48;0,9;2
2026-09-12;Bang Sue;75385;366,7;5,51;37;;2
2026-09-12;Bangkok Noi;80351;403,4;5,55;22;;2
2026-09-12;Bangkok Yai;78571;391,1;5,52;11;;2
2026-09-12;Bueng Kum;49272;275,7;6,57;23;3,3;2
2026-09-12;Chatuchak;82097;462;5,58;120;0,8;2
2026-09-12;Chom Thong;65333;315,8;5,78;21;;2
2026-09-12;Din Daeng;91304;461,1;5,7;39;2,2;2
2026-09-12;Don Mueang;63913;312,9;;4;;2
2026-09-12;Dusit;108140;312,5;;4;;2
2026-09-12;Huai Khwang;81786;486,5;5,78;101;1,5;2
2026-09-12;Khan Na Yao;56971;285,7;5,64;10;;2
2026-09-12;Khlong San;106304;439;4,94;44;1,6;2
2026-09-12;Khlong Toei;134629;652,7;5,33;124;1,1;2
2026-09-12;Lak Si;64151;323,1;;4;;2
2026-09-12;Lat Krabang;53920;362,1;6,95;7;;2
2026-09-12;Lat Phrao;57143;485,8;7,13;6;;2
2026-09-12;Min Buri;70312;302,1;5,56;9;;2
2026-09-12;Nong Khaem;;140;;0;;2
2026-09-12;Pathum Wan;171275;681,3;4,65;46;1,1;2
2026-09-12;Phasi Charoen;66667;366,7;5,9;35;;2
2026-09-12;Phaya Thai;108748;478,3;4,85;59;1;2
2026-09-12;Phra Khanong;77190;428,6;5,89;67;1,5;2
2026-09-12;Phra Nakhon;100692;385,2;;1;;2
2026-09-12;Pom Prap Sattru Phai;110000;581,4;;1;;2
2026-09-12;Prawet;51406;304,4;6,59;11;;2
2026-09-12;Rat Burana;59833;285,6;5,67;13;;2
2026-09-12;Ratchathewi;148253;611,1;4,66;66;0,6;2
2026-09-12;Sai Mai;62780;413,1;6,14;5;;2
2026-09-12;Samphanthawong;112581;468,8;;0;;2
2026-09-12;Saphan Sung;54530;258,5;;1;;2
2026-09-12;Sathon;131250;507,1;5,12;43;0,5;2
2026-09-12;Suan Luang;65506;370,4;6,46;49;2,2;2
2026-09-12;Taling Chan;43522;255,9;;1;;2
2026-09-12;Thon Buri;77177;383;5,94;40;;2
2026-09-12;Thung Khru;64286;382,4;;2;;2
2026-09-12;Vadhana;132936;623,2;5,42;185;0,6;2
2026-09-12;Wang Thonglang;56591;335,3;6,68;23;;2
2026-09-12;Yan Nawa;81778;391,2;5,61;36;1;2
2026-09-13;Bang Bon;43798;230,8;;2;;2
2026-09-13;Bang Kapi;59464;369,9;6,51;54;;2
2026-09-13;Bang Khae;52968;325;6,32;10;;2
2026-09-13;Bang Khen;60661;369,6;6,41;19;;2
2026-09-13;Bang Kho Laem;109259;483,1;5,18;20;;2
2026-09-13;Bang Khun Thian;51892;277,2;;2;;2
2026-09-13;Bang Na;62574;385;5,84;54;;2
2026-09-13;Bang Phlat;72500;404,1;6,26;33;;2
2026-09-13;Bang Rak;168085;629,5;4,82;48;;2
2026-09-13;Bang Sue;75385;370,4;5,59;37;;2
2026-09-13;Bangkok Noi;80351;403,4;5,55;22;;2
2026-09-13;Bangkok Yai;78571;391,1;5,52;11;;2
2026-09-13;Bueng Kum;48966;275,7;6,58;23;;2
2026-09-13;Chatuchak;81879;460,4;5,58;122;;2
2026-09-13;Chom Thong;65333;315,8;5,78;21;;2
2026-09-13;Din Daeng;91304;461,1;5,7;39;;2
2026-09-13;Don Mueang;63793;312,9;;4;;2
2026-09-13;Dusit;102972;312,5;;4;;2
2026-09-13;Huai Khwang;81385;489,1;5,78;101;;2
2026-09-13;Khan Na Yao;56971;285,7;5,75;10;;2
2026-09-13;Khlong San;106304;438,3;4,93;43;;2
2026-09-13;Khlong Toei;134629;652,7;5,33;125;0,3;2
2026-09-13;Lak Si;64151;323,1;;4;;2
2026-09-13;Lat Krabang;53920;366,7;7,16;8;;2
2026-09-13;Lat Phrao;57143;471,4;7,13;6;;2
2026-09-13;Min Buri;71875;302,1;5,5;9;;2
2026-09-13;Nong Khaem;;140;;0;;2
2026-09-13;Pathum Wan;171275;681,3;4,66;46;;2
2026-09-13;Phasi Charoen;67552;366,7;5,95;35;;2
2026-09-13;Phaya Thai;108748;477;4,87;60;;2
2026-09-13;Phra Khanong;78025;427,3;5,95;67;;2
2026-09-13;Phra Nakhon;100692;385,2;;1;;2
2026-09-13;Pom Prap Sattru Phai;110000;581,4;;1;;2
2026-09-13;Prawet;51406;304,4;6,59;11;;2
2026-09-13;Rat Burana;60603;285,6;5,67;13;;2
2026-09-13;Ratchathewi;148253;607,3;4,69;67;;2
2026-09-13;Sai Mai;64332;413,1;6,3;5;;2
2026-09-13;Samphanthawong;112581;468,8;;0;;2
2026-09-13;Saphan Sung;54530;258,5;;1;;2
2026-09-13;Sathon;131250;507,1;5,12;43;;2
2026-09-13;Suan Luang;66071;370,4;6,48;49;;2
2026-09-13;Taling Chan;43522;255,9;;1;;2
2026-09-13;Thon Buri;77177;383;5,91;40;;2
2026-09-13;Thung Khru;62857;381,6;;2;;2
2026-09-13;Vadhana;132558;621,4;5,42;184;0,2;2
2026-09-13;Wang Thonglang;56591;335,3;6,56;23;;2
2026-09-13;Yan Nawa;81444;390,7;5,68;37;;2
2026-09-14;Bang Bon;43798;230,8;;2;;2
2026-09-14;Bang Kapi;59667;369,9;6,51;54;;2
2026-09-14;Bang Khae;52968;322,6;6,31;14;;2
2026-09-14;Bang Khen;60629;366;6,31;28;;2
2026-09-14;Bang Kho Laem;109259;466,3;5,29;22;;2
2026-09-14;Bang Khun Thian;51892;277,2;;2;;2
2026-09-14;Bang Na;62243;384,6;5,9;56;;2
2026-09-14;Bang Phlat;72500;404,1;6,26;33;;2
2026-09-14;Bang Rak;168529;600;4,81;50;;2
2026-09-14;Bang Sue;74360;354,3;5,54;40;;2
2026-09-14;Bangkok Noi;79975;403,4;5,55;22;;2
2026-09-14;Bangkok Yai;81487;395,5;5,54;11;;2
2026-09-14;Bueng Kum;48966;275,7;6,57;23;;2
2026-09-14;Chatuchak;82097;452,8;5,57;130;;2
2026-09-14;Chom Thong;65333;315,8;5,78;21;;2
2026-09-14;Din Daeng;93333;457,1;5,77;41;;2
2026-09-14;Don Mueang;55987;352,4;;4;;2
2026-09-14;Dusit;102972;312,5;;4;;2
2026-09-14;Huai Khwang;80911;481,2;5,88;108;;2
2026-09-14;Khan Na Yao;56971;294,6;5,9;11;;2
2026-09-14;Khlong San;105516;437,5;4,95;48;;2
2026-09-14;Khlong Toei;134715;638,9;5,36;132;;2
2026-09-14;Lak Si;64151;330,4;5,83;6;;2
2026-09-14;Lat Krabang;55000;366,7;6,98;8;;2
2026-09-14;Lat Phrao;58276;408,6;6,84;8;;2
2026-09-14;Min Buri;71875;302,1;5,5;9;;2
2026-09-14;Nong Khaem;;140;;0;;2
2026-09-14;Pathum Wan;171275;681,8;4,68;48;;2
2026-09-14;Phasi Charoen;67654;363,6;5,81;36;;2
2026-09-14;Phaya Thai;108748;461,7;4,93;64;;2
2026-09-14;Phra Khanong;78827;424,3;5,94;70;;2
2026-09-14;Phra Nakhon;100692;372,5;;1;;2
2026-09-14;Pom Prap Sattru Phai;110000;490,7;;1;;2
2026-09-14;Prawet;51406;299,2;6,93;13;;2
2026-09-14;Rat Burana;60603;285,6;5,67;13;;2
2026-09-14;Ratchathewi;148253;603,7;4,73;68;;2
2026-09-14;Sai Mai;64332;385;6,5;7;;2
2026-09-14;Samphanthawong;112581;468,8;;0;;2
2026-09-14;Saphan Sung;54530;258,5;;1;;2
2026-09-14;Sathon;131250;496,5;5,1;44;;2
2026-09-14;Suan Luang;67391;366,3;6,48;51;;2
2026-09-14;Taling Chan;43522;255,9;;1;;2
2026-09-14;Thon Buri;76923;393,6;5,91;39;;2
2026-09-14;Thung Khru;62857;381,6;;2;;2
2026-09-14;Vadhana;133829;613,6;5,41;187;;2
2026-09-14;Wang Thonglang;57020;335,3;6,63;23;;2
2026-09-14;Yan Nawa;81798;390,1;5,56;39;;2
2026-09-15;Bang Bon;43333;230,8;;2;;2
2026-09-15;Bang Kapi;59464;369,9;6,51;54;4,3;2
2026-09-15;Bang Khae;52968;300;6,31;14;;2
2026-09-15;Bang Khen;60629;368,1;6,3;29;;2
2026-09-15;Bang Kho Laem;106970;470,3;5,3;23;;2
2026-09-15;Bang Khun Thian;51892;277,2;;2;;2
2026-09-15;Bang Na;61855;384,6;5,93;58;;2
2026-09-15;Bang Phlat;72350;404,1;6,26;33;;2
2026-09-15;Bang Rak;167078;600;4,81;50;3,2;2
2026-09-15;Bang Sue;74360;352,7;5,54;40;;2
2026-09-15;Bangkok Noi;80351;406,8;5,64;23;;2
2026-09-15;Bangkok Yai;81487;412,1;5,54;11;;2
2026-09-15;Bueng Kum;49914;275,7;6,57;23;;2
2026-09-15;Chatuchak;82223;457,1;5,54;130;;2
2026-09-15;Chom Thong;65333;320,3;5,78;21;;2
2026-09-15;Din Daeng;91304;457,1;5,77;41;2,2;2
2026-09-15;Don Mueang;55987;352,4;;4;;2
2026-09-15;Dusit;102972;250;;4;;2
2026-09-15;Huai Khwang;81385;485,2;5,93;110;5,4;2
2026-09-15;Khan Na Yao;56971;294,6;5,9;11;;2
2026-09-15;Khlong San;105828;435,6;4,94;48;6,2;2
2026-09-15;Khlong Toei;134715;632,6;5,3;133;2,9;2
2026-09-15;Lak Si;63214;330,4;5,83;6;;2
2026-09-15;Lat Krabang;55000;366,7;7,01;8;;2
2026-09-15;Lat Phrao;55087;402,4;6,86;8;;2
2026-09-15;Min Buri;70968;305,8;5,56;9;;2
2026-09-15;Nong Khaem;;140;;0;;2
2026-09-15;Pathum Wan;172939;680,9;4,68;48;12,5;2
2026-09-15;Phasi Charoen;68642;363,6;5,81;36;;2
2026-09-15;Phaya Thai;107725;464,9;4,94;64;;2
2026-09-15;Phra Khanong;78025;423,4;5,89;71;;2
2026-09-15;Phra Nakhon;103406;372,5;;1;;2
2026-09-15;Pom Prap Sattru Phai;110000;490,7;;1;;2
2026-09-15;Prawet;51406;299,2;6,93;13;;2
2026-09-15;Rat Burana;60603;285,6;5,65;12;;2
2026-09-15;Ratchathewi;148707;607,4;4,72;69;;2
2026-09-15;Sai Mai;64332;385;6,5;7;;2
2026-09-15;Samphanthawong;112581;468,8;;0;;2
2026-09-15;Saphan Sung;54530;258,5;;1;;2
2026-09-15;Sathon;129866;496,5;5,05;45;;2
2026-09-15;Suan Luang;66071;385,3;6,48;51;;2
2026-09-15;Taling Chan;43522;255,9;;1;;2
2026-09-15;Thon Buri;77358;384,6;5,91;41;7,4;2
2026-09-15;Thung Khru;62857;382,4;;2;;2
2026-09-15;Vadhana;133772;609,8;5,42;187;2,3;2
2026-09-15;Wang Thonglang;57020;333,8;6,57;23;;2
2026-09-15;Yan Nawa;81967;390,1;5,56;39;;2
2026-09-17;Bang Bon;43798;230,8;;2;;2
2026-09-17;Bang Kapi;58929;365,5;6,45;55;27,6;2
2026-09-17;Bang Khae;52753;300;6,31;14;;2
2026-09-17;Bang Khen;60666;368,1;6,3;29;;2
2026-09-17;Bang Kho Laem;106970;470,3;5,3;23;;2
2026-09-17;Bang Khun Thian;51892;277,2;;2;;2
2026-09-17;Bang Na;62499;386,4;5,88;59;38,2;2
2026-09-17;Bang Phlat;72909;404,1;6,26;33;;2
2026-09-17;Bang Rak;163639;616,2;4,94;50;27,5;2
2026-09-17;Bang Sue;74872;354,9;5,51;41;;2
2026-09-17;Bangkok Noi;83509;406,8;5,59;22;;2
2026-09-17;Bangkok Yai;81487;412,1;5,54;11;;2
2026-09-17;Bueng Kum;49914;275,7;6,57;23;;2
2026-09-17;Chatuchak;82097;457,1;5,55;133;;2
2026-09-17;Chom Thong;65333;320,3;5,78;21;;2
2026-09-17;Din Daeng;91304;461,1;5,8;40;50;2
2026-09-17;Don Mueang;57577;352,4;;4;;2
2026-09-17;Dusit;107012;250;;4;;2
2026-09-17;Huai Khwang;81689;493,5;5,86;111;23,2;2
2026-09-17;Khan Na Yao;56971;303,6;5,9;11;;2
2026-09-17;Khlong San;107422;431,2;4,92;50;;2
2026-09-17;Khlong Toei;135714;635,7;5,37;132;11,1;2
2026-09-17;Lak Si;63214;330,4;5,85;6;;2
2026-09-17;Lat Krabang;53203;355,7;7,32;9;;2
2026-09-17;Lat Phrao;57143;400;6,76;9;;2
2026-09-17;Min Buri;70968;305,8;5,56;9;;2
2026-09-17;Nong Khaem;;140;;0;;2
2026-09-17;Pathum Wan;172939;662,2;4,67;48;18,2;2
2026-09-17;Phasi Charoen;68540;363,6;5,83;36;;2
2026-09-17;Phaya Thai;107500;468,3;4,94;66;;2
2026-09-17;Phra Khanong;78025;424,3;5,95;73;35,7;2
2026-09-17;Phra Nakhon;103406;372,5;;1;;2
2026-09-17;Pom Prap Sattru Phai;110000;490,7;;1;;2
2026-09-17;Prawet;52050;304,4;6,93;13;;2
2026-09-17;Rat Burana;61163;285,6;5,64;12;;2
2026-09-17;Ratchathewi;149773;603,5;4,71;69;;2
2026-09-17;Sai Mai;64583;385;6,5;7;;2
2026-09-17;Samphanthawong;112581;468,8;;0;;2
2026-09-17;Saphan Sung;54530;258,5;;1;;2
2026-09-17;Sathon;128482;496,5;4,99;45;;2
2026-09-17;Suan Luang;67391;384;6,47;52;31,1;2
2026-09-17;Taling Chan;43522;255,9;;1;;2
2026-09-17;Thon Buri;77141;387,1;5,91;39;;2
2026-09-17;Thung Khru;62857;382,4;;2;;2
2026-09-17;Vadhana;133829;608,7;5,44;188;;2
2026-09-17;Wang Thonglang;57448;333,8;6,57;23;71,4;2
2026-09-17;Yan Nawa;82735;389,5;5,59;40;;2
2026-09-18;Bang Bon;43798;230,8;;2;;2
2026-09-18;Bang Kapi;58929;361,1;6,36;55;;2
2026-09-18;Bang Khae;52671;300;6,32;14;;2
2026-09-18;Bang Khen;60733;366,7;6,28;28;;2
2026-09-18;Bang Kho Laem;105075;470,3;5,22;23;;2
2026-09-18;Bang Khun Thian;50925;288,5;;3;;2
2026-09-18;Bang Na;62439;384,7;5,99;63;;2
2026-09-18;Bang Phlat;72200;404,1;6,07;35;;2
2026-09-18;Bang Rak;164286;600;4,9;49;;2
2026-09-18;Bang Sue;73718;354,9;5,51;41;;2
2026-09-18;Bangkok Noi;84781;406,8;5,69;22;;2
2026-09-18;Bangkok Yai;79599;412,1;5,6;11;;2
2026-09-18;Bueng Kum;49440;275,7;6,57;23;;2
2026-09-18;Chatuchak;81879;453;5,53;133;;2
2026-09-18;Chom Thong;65935;320,3;5,78;21;;2
2026-09-18;Din Daeng;91693;467,7;5,78;41;;2
2026-09-18;Don Mueang;57577;352,4;;4;;2
2026-09-18;Dusit;125389;250;;4;;2
2026-09-18;Huai Khwang;81275;488,1;5,93;111;;2
2026-09-18;Khan Na Yao;56971;303,6;5,87;11;;2
2026-09-18;Khlong San;106721;430,8;4,95;50;;2
2026-09-18;Khlong Toei;135820;637,6;5,43;130;;2
2026-09-18;Lak Si;61538;330,4;6,04;6;;2
2026-09-18;Lat Krabang;51818;355,7;7,32;9;;2
2026-09-18;Lat Phrao;57143;371,4;6,57;10;;2
2026-09-18;Min Buri;70968;309,4;5,57;9;;2
2026-09-18;Nong Khaem;;140;;0;;2
2026-09-18;Pathum Wan;167419;661,2;4,79;48;;2
2026-09-18;Phasi Charoen;68642;363,6;5,88;36;;2
2026-09-18;Phaya Thai;107500;468;4,93;67;;2
2026-09-18;Phra Khanong;78025;424;5,98;72;;2
2026-09-18;Phra Nakhon;103406;372,5;;1;;2
2026-09-18;Pom Prap Sattru Phai;108571;490,7;;1;;2
2026-09-18;Prawet;51882;304,4;6,93;13;;2
2026-09-18;Rat Burana;61163;285,6;5,64;12;;2
2026-09-18;Ratchathewi;150781;601,7;4,7;68;;2
2026-09-18;Sai Mai;63675;385;6,46;7;;2
2026-09-18;Samphanthawong;112581;464,8;;0;;2
2026-09-18;Saphan Sung;54530;258,5;;1;;2
2026-09-18;Sathon;127982;493;5,06;46;;2
2026-09-18;Suan Luang;67629;384;6,47;52;;2
2026-09-18;Taling Chan;44844;255,9;;1;;2
2026-09-18;Thon Buri;76473;385,7;5,95;40;;2
2026-09-18;Thung Khru;64286;382,4;;2;;2
2026-09-18;Vadhana;134476;604,6;5,42;188;0,6;2
2026-09-18;Wang Thonglang;57448;333,8;6,57;23;;2
2026-09-18;Yan Nawa;82970;389,5;5,45;39;;2
2026-09-22;Bang Bon;43798;230,8;;2;;2
2026-09-22;Bang Kapi;58743;387,1;6,49;55;;2
2026-09-22;Bang Khae;53346;316,7;6,29;14;;2
2026-09-22;Bang Khen;61229;369,7;6,23;28;;2
2026-09-22;Bang Kho Laem;105075;490;5,17;21;;2
2026-09-22;Bang Khun Thian;50925;300,5;;4;;2
2026-09-22;Bang Na;62598;385,5;5,99;61;;2
2026-09-22;Bang Phlat;72211;418,8;5,94;32;;2
2026-09-22;Bang Rak;165179;632;4,95;48;;2
2026-09-22;Bang Sue;74360;366,7;5,53;41;;2
2026-09-22;Bangkok Noi;84781;408,3;5,49;21;;2
2026-09-22;Bangkok Yai;79814;407,3;5,58;11;;2
2026-09-22;Bueng Kum;49440;266,5;6,57;23;;2
2026-09-22;Chatuchak;81924;459,3;5,56;130;;2
2026-09-22;Chom Thong;66321;321,4;5,83;20;;2
2026-09-22;Din Daeng;91693;486,5;5,78;39;;2
2026-09-22;Don Mueang;60685;352,4;6,53;5;;2
2026-09-22;Dusit;125389;250;;4;;2
2026-09-22;Huai Khwang;81482;489,4;5,83;110;;2
2026-09-22;Khan Na Yao;56971;303,6;5,96;12;;2
2026-09-22;Khlong San;105353;428,6;4,94;49;;2
2026-09-22;Khlong Toei;136136;636,4;5,41;130;;2
2026-09-22;Lak Si;61787;330,4;6,04;6;;2
2026-09-22;Lat Krabang;51818;355,7;7,32;9;;2
2026-09-22;Lat Phrao;57143;370,1;6,5;10;;2
2026-09-22;Min Buri;70968;305,8;5,64;8;;2
2026-09-22;Nong Khaem;;140;;0;;2
2026-09-22;Pathum Wan;167419;653,6;4,73;48;;2
2026-09-22;Phasi Charoen;69949;354,8;5,89;36;;2
2026-09-22;Phaya Thai;107500;472,2;4,91;67;;2
2026-09-22;Phra Khanong;79628;425,2;5,99;70;;2
2026-09-22;Phra Nakhon;103406;372,5;;1;;2
2026-09-22;Pom Prap Sattru Phai;108571;400;;1;;2
2026-09-22;Prawet;52444;306,2;7,18;11;;2
2026-09-22;Rat Burana;60779;285,6;5,67;12;;2
2026-09-22;Ratchathewi;151773;611,1;4,69;67;;2
2026-09-22;Sai Mai;63675;377,1;6,44;6;;2
2026-09-22;Samphanthawong;112581;464,8;;0;;2
2026-09-22;Saphan Sung;55040;;;0;;2
2026-09-22;Sathon;127982;493;5,07;46;;2
2026-09-22;Suan Luang;67161;386;6,41;50;;2
2026-09-22;Taling Chan;44555;260,4;;1;;2
2026-09-22;Thon Buri;77445;391,1;5,84;39;;2
2026-09-22;Thung Khru;64286;387,8;;2;;2
2026-09-22;Vadhana;134546;617,3;5,39;185;;2
2026-09-22;Wang Thonglang;57520;362,8;6,6;22;;2
2026-09-22;Yan Nawa;84418;390,9;5,37;39;;2
2026-09-23;Bang Bon;43798;230,8;;2;;2
2026-09-23;Bang Kapi;58743;387,1;6,58;57;;2
2026-09-23;Bang Khae;57292;316,7;6,29;14;;2
2026-09-23;Bang Khen;61364;373,8;6,31;30;;2
2026-09-23;Bang Kho Laem;107315;483;5,21;22;;2
2026-09-23;Bang Khun Thian;50925;300,5;;4;;2
2026-09-23;Bang Na;62672;385,5;6,06;61;;2
2026-09-23;Bang Phlat;72913;412,5;5,84;33;;2
2026-09-23;Bang Rak;165615;632;4,95;49;;2
2026-09-23;Bang Sue;74360;366,7;5,54;41;;2
2026-09-23;Bangkok Noi;84781;408,3;5,46;21;;2
2026-09-23;Bangkok Yai;79814;407,3;5,61;11;;2
2026-09-23;Bueng Kum;49868;263,7;6,58;23;;2
2026-09-23;Chatuchak;82097;458,3;5,52;134;;2
2026-09-23;Chom Thong;66321;321,4;5,83;20;;2
2026-09-23;Din Daeng;91077;484,9;5,68;40;;2
2026-09-23;Don Mueang;60685;352,4;6,53;5;;2
2026-09-23;Dusit;125389;250;;4;;2
2026-09-23;Huai Khwang;81275;481,9;5,9;113;;2
2026-09-23;Khan Na Yao;57579;303,6;5,73;12;;2
2026-09-23;Khlong San;106304;429,7;4,95;49;;2
2026-09-23;Khlong Toei;136511;637,6;5,4;130;;2
2026-09-23;Lak Si;61787;342,1;6,04;6;;2
2026-09-23;Lat Krabang;52170;366,7;7,26;10;;2
2026-09-23;Lat Phrao;57143;370,1;6,5;10;;2
2026-09-23;Min Buri;70968;305,8;5,64;8;;2
2026-09-23;Nong Khaem;;140;;0;;2
2026-09-23;Pathum Wan;167419;651,6;4,79;48;;2
2026-09-23;Phasi Charoen;68846;355,1;5,81;36;;2
2026-09-23;Phaya Thai;107500;472,2;4,84;67;;2
2026-09-23;Phra Khanong;79628;427;5,99;71;;2
2026-09-23;Phra Nakhon;103406;372,5;;1;;2
2026-09-23;Pom Prap Sattru Phai;108571;400;;1;;2
2026-09-23;Prawet;52693;306,2;7,18;11;;2
2026-09-23;Rat Burana;59833;285,5;5,67;13;;2
2026-09-23;Ratchathewi;150391;603,5;4,69;69;;2
2026-09-23;Sai Mai;63675;375;6,29;6;;2
2026-09-23;Samphanthawong;112581;464,8;;0;;2
2026-09-23;Saphan Sung;55040;;;0;;2
2026-09-23;Sathon;127982;489,7;5,06;46;;2
2026-09-23;Suan Luang;66071;386;6,37;50;;2
2026-09-23;Taling Chan;44267;260,4;;1;;2
2026-09-23;Thon Buri;77445;385,7;5,85;41;;2
2026-09-23;Thung Khru;64286;385,5;;2;;2
2026-09-23;Vadhana;134476;616,9;5,39;186;;2
2026-09-23;Wang Thonglang;57520;362,8;6,6;22;;2
2026-09-23;Yan Nawa;85503;390,1;5,36;40;;2
2026-09-24;Bang Bon;43798;230,8;;2;;2
2026-09-24;Bang Kapi;58621;387,1;6,48;57;;2
2026-09-24;Bang Khae;57292;316,7;6,29;14;;2
2026-09-24;Bang Khen;61364;373,8;6,26;30;;2
2026-09-24;Bang Kho Laem;107315;483;5,26;22;;2
2026-09-24;Bang Khun Thian;50925;300,5;;4;;2
2026-09-24;Bang Na;62013;382,9;6,08;62;;2
2026-09-24;Bang Phlat;72500;412,5;5,85;32;;2
2026-09-24;Bang Rak;163651;641,8;4,94;50;;2
2026-09-24;Bang Sue;74360;366,7;5,57;41;;2
2026-09-24;Bangkok Noi;84781;408,3;5,49;21;;2
2026-09-24;Bangkok Yai;79814;407,3;5,66;11;44,4;2
2026-09-24;Bueng Kum;50000;263,7;6,58;23;;2
2026-09-24;Chatuchak;82150;458,4;5,46;135;;2
2026-09-24;Chom Thong;66321;321,4;5,83;20;;2
2026-09-24;Din Daeng;91077;484,9;5,79;41;;2
2026-09-24;Don Mueang;59583;352,4;6,76;5;;2
2026-09-24;Dusit;125389;250;;4;;2
2026-09-24;Huai Khwang;81689;478,3;5,93;114;1,2;2
2026-09-24;Khan Na Yao;58154;303,6;5,89;12;;2
2026-09-24;Khlong San;106061;432;4,95;51;;2
2026-09-24;Khlong Toei;135714;635,7;5,36;131;1;2
2026-09-24;Lak Si;61538;342,1;6,07;6;;2
2026-09-24;Lat Krabang;52253;366,7;7,26;10;;2
2026-09-24;Lat Phrao;59703;370,1;6,62;11;;2
2026-09-24;Min Buri;70968;305,8;5,64;8;;2
2026-09-24;Nong Khaem;;140;;0;;2
2026-09-24;Pathum Wan;164399;651,6;4,8;49;;2
2026-09-24;Phasi Charoen;68438;355,1;5,8;36;;2
2026-09-24;Phaya Thai;107500;470,6;4,99;66;4,4;2
2026-09-24;Phra Khanong;80216;428,6;5,99;73;;2
2026-09-24;Phra Nakhon;91902;385,2;;1;;2
2026-09-24;Pom Prap Sattru Phai;108571;400;;1;;2
2026-09-24;Prawet;52444;306,2;7,18;11;;2
2026-09-24;Rat Burana;59833;285,5;5,67;13;;2
2026-09-24;Ratchathewi;150000;603,5;4,71;68;;2
2026-09-24;Sai Mai;63763;375;6,29;6;;2
2026-09-24;Samphanthawong;112581;464,8;;0;;2
2026-09-24;Saphan Sung;55040;;;0;;2
2026-09-24;Sathon;131250;486,5;5,05;47;;2
2026-09-24;Suan Luang;64909;387,4;6,43;52;;2
2026-09-24;Taling Chan;44555;260,4;;1;;2
2026-09-24;Thon Buri;76255;384,2;5,89;41;;2
2026-09-24;Thung Khru;68461;385,5;;2;;2
2026-09-24;Vadhana;134124;616,4;5,39;187;0,8;2
2026-09-24;Wang Thonglang;57587;362,8;6,69;22;;2
2026-09-24;Yan Nawa;85503;390,1;5,37;41;;2
2026-09-25;Bang Bon;43798;230,8;;2;;2
2026-09-25;Bang Kapi;58621;386,7;6,4;56;;2
2026-09-25;Bang Khae;57292;316,7;6,32;14;;2
2026-09-25;Bang Khen;61364;373,8;6,28;30;;2
2026-09-25;Bang Kho Laem;107315;483;5,26;22;;2
2026-09-25;Bang Khun Thian;50925;300,5;;4;;2
2026-09-25;Bang Na;61855;385,5;6,08;63;;2
2026-09-25;Bang Phlat;72500;412,5;5,85;32;;2
2026-09-25;Bang Rak;165179;641,8;4,9;50;;2
2026-09-25;Bang Sue;73600;366,7;5,57;41;;2
2026-09-25;Bangkok Noi;83333;400,4;5,6;21;;2
2026-09-25;Bangkok Yai;79814;407,3;5,68;11;44,4;2
2026-09-25;Bueng Kum;49914;263,7;6,53;23;;2
2026-09-25;Chatuchak;82150;457,1;5,49;136;;2
2026-09-25;Chom Thong;66321;321,4;5,83;20;;2
2026-09-25;Din Daeng;91077;484,9;5,89;41;;2
2026-09-25;Don Mueang;59583;343,5;6,76;5;;2
2026-09-25;Dusit;133469;250;;4;;2
2026-09-25;Huai Khwang;80523;479,2;5,92;113;1,3;2
2026-09-25;Khan Na Yao;58154;303,6;5,93;12;;2
2026-09-25;Khlong San;105353;431,9;4,94;51;;2
2026-09-25;Khlong Toei;135714;637,6;5,38;131;1,2;2
2026-09-25;Lak Si;61037;342,1;6,07;6;;2
2026-09-25;Lat Krabang;52253;366,7;7,26;10;;2
2026-09-25;Lat Phrao;59703;370,1;6,62;11;;2
2026-09-25;Min Buri;70968;305,8;5,64;8;;2
2026-09-25;Nong Khaem;;140;;0;;2
2026-09-25;Pathum Wan;168466;660;4,8;49;;2
2026-09-25;Phasi Charoen;68438;355,3;5,8;36;;2
2026-09-25;Phaya Thai;107500;478,3;5;67;4,3;2
2026-09-25;Phra Khanong;80216;424,8;5,99;73;;2
2026-09-25;Phra Nakhon;96303;385,2;;1;;2
2026-09-25;Pom Prap Sattru Phai;108571;400;;1;;2
2026-09-25;Prawet;52693;316,9;7,22;11;;2
2026-09-25;Rat Burana;59833;285,5;5,67;13;;2
2026-09-25;Ratchathewi;150781;606,5;4,76;69;;2
2026-09-25;Sai Mai;63675;375;6,3;6;;2
2026-09-25;Samphanthawong;112581;464,8;;0;;2
2026-09-25;Saphan Sung;55040;;;0;;2
2026-09-25;Sathon;131250;483,2;5,05;47;;2
2026-09-25;Suan Luang;64909;387,4;6,4;52;;2
2026-09-25;Taling Chan;44555;260,4;;1;;2
2026-09-25;Thon Buri;76178;381,9;5,89;41;;2
2026-09-25;Thung Khru;68461;385,5;;2;;2
2026-09-25;Vadhana;134124;616,4;5,39;191;0,9;2
2026-09-25;Wang Thonglang;57726;365,2;6,51;21;;2
2026-09-25;Yan Nawa;85503;391,7;5,45;41;;2
2026-09-26;Bang Bon;43798;230,8;;2;;2
2026-09-26;Bang Kapi;58621;387,1;6,5;57;2;2
2026-09-26;Bang Khae;57292;316,7;6,31;14;;2
2026-09-26;Bang Khen;61771;373,8;6,28;30;2,9;2
2026-09-26;Bang Kho Laem;107059;483,8;5,19;22;3,2;2
2026-09-26;Bang Khun Thian;50716;300,5;;4;;2
2026-09-26;Bang Na;62013;384,6;6,06;63;3,1;2
2026-09-26;Bang Phlat;71923;408,3;5,92;32;4,2;2
2026-09-26;Bang Rak;164522;641,8;4,89;50;2,5;2
2026-09-26;Bang Sue;73980;366,7;5,57;41;3;2
2026-09-26;Bangkok Noi;81110;400,4;5,82;20;6,5;2
2026-09-26;Bangkok Yai;77331;428,6;5,69;10;4,8;2
2026-09-26;Bueng Kum;49914;263,7;6,53;23;3,1;2
2026-09-26;Chatuchak;81154;457,8;5,49;136;4,6;2
2026-09-26;Chom Thong;65935;321,4;5,83;20;;2
2026-09-26;Din Daeng;90850;472,5;5,93;44;2,3;2
2026-09-26;Don Mueang;59583;340;6,62;5;;2
2026-09-26;Dusit;133469;250;;4;;2
2026-09-26;Huai Khwang;79967;479,2;5,97;113;2,8;2
2026-09-26;Khan Na Yao;58016;303,6;6,09;13;5,7;2
2026-09-26;Khlong San;105353;433;4,97;52;2;2
2026-09-26;Khlong Toei;135714;638,9;5,33;129;2,1;2
2026-09-26;Lak Si;61037;342,1;6,07;6;;2
2026-09-26;Lat Krabang;52253;366,7;7,26;10;;2
2026-09-26;Lat Phrao;58276;342,9;6,48;11;;2
2026-09-26;Min Buri;68889;305,8;5,64;8;;2
2026-09-26;Nong Khaem;;140;;0;;2
2026-09-26;Pathum Wan;164732;660;4,79;50;2,1;2
2026-09-26;Phasi Charoen;68438;354,8;5,81;36;3,1;2
2026-09-26;Phaya Thai;107500;478,7;5,09;66;3,3;2
2026-09-26;Phra Khanong;79138;428,6;6,08;74;1,3;2
2026-09-26;Phra Nakhon;91902;385,2;;1;;2
2026-09-26;Pom Prap Sattru Phai;108571;400;;1;;2
2026-09-26;Prawet;52941;320,9;7,27;11;3,5;2
2026-09-26;Rat Burana;59833;285,5;5,67;13;;2
2026-09-26;Ratchathewi;150000;606,5;4,69;69;2,9;2
2026-09-26;Sai Mai;63675;375;6,33;6;;2
2026-09-26;Samphanthawong;112581;464,8;;0;;2
2026-09-26;Saphan Sung;55040;;;0;;2
2026-09-26;Sathon;129866;483,2;5,05;47;1,4;2
2026-09-26;Suan Luang;64641;387,4;6,4;52;3,5;2
2026-09-26;Taling Chan;44267;260,4;;1;;2
2026-09-26;Thon Buri;75872;381,9;5,89;41;3,7;2
2026-09-26;Thung Khru;72873;385,5;;2;;2
2026-09-26;Vadhana;134536;616,9;5,39;191;2,2;2
2026-09-26;Wang Thonglang;57726;362,8;6,51;21;;2
2026-09-26;Yan Nawa;83333;391,7;5,56;41;2,8;2
2026-09-28;Bang Bon;43798;230,8;;2;;2
2026-09-28;Bang Kapi;58621;386,4;6,52;57;0,7;2
2026-09-28;Bang Khae;57292;307,7;6,33;13;;2
2026-09-28;Bang Khen;61771;373,8;6,28;30;;2
2026-09-28;Bang Kho Laem;107315;484,9;5,19;22;2,3;2
2026-09-28;Bang Khun Thian;50175;300,5;;4;;2
2026-09-28;Bang Na;61538;380;6;63;;2
2026-09-28;Bang Phlat;72500;404,1;5,99;33;;2
2026-09-28;Bang Rak;159830;650,7;4,93;50;1,6;2
2026-09-28;Bang Sue;75143;366,7;5,37;41;;2
2026-09-28;Bangkok Noi;82827;400,4;5,71;21;;2
2026-09-28;Bangkok Yai;77331;428,6;5,7;10;;2
2026-09-28;Bueng Kum;49914;263,7;6,53;23;;2
2026-09-28;Chatuchak;80645;459,1;5,5;136;0,8;2
2026-09-28;Chom Thong;65935;321,4;5,83;20;;2
2026-09-28;Din Daeng;89746;471,9;5,89;43;1,2;2
2026-09-28;Don Mueang;59583;340;6,96;6;;2
2026-09-28;Dusit;125389;312,5;;4;;2
2026-09-28;Huai Khwang;80333;468,8;6,03;115;1,6;2
2026-09-28;Khan Na Yao;57540;303,6;6,1;12;;2
2026-09-28;Khlong San;105353;433,3;4,96;52;1,8;2
2026-09-28;Khlong Toei;137360;637,4;5,38;130;1,9;2
2026-09-28;Lak Si;60866;342,1;6,07;6;;2
2026-09-28;Lat Krabang;52336;366,7;7,2;10;;2
2026-09-28;Lat Phrao;58276;342,9;6,48;11;;2
2026-09-28;Min Buri;68889;305,8;5,7;8;;2
2026-09-28;Nong Khaem;;140;;0;;2
2026-09-28;Pathum Wan;168466;655,7;4,79;50;1,8;2
2026-09-28;Phasi Charoen;69193;355,1;5,81;36;;2
2026-09-28;Phaya Thai;107989;478,7;5,06;67;1,5;2
2026-09-28;Phra Khanong;79138;428,6;6,08;74;1,2;2
2026-09-28;Phra Nakhon;91902;385,2;;1;;2
2026-09-28;Pom Prap Sattru Phai;108571;400;;1;;2
2026-09-28;Prawet;52941;325;7,28;11;;2
2026-09-28;Rat Burana;59833;285,5;5,67;13;;2
2026-09-28;Ratchathewi;151014;614,7;4,68;69;1,9;2
2026-09-28;Sai Mai;63588;372,3;6,5;7;;2
2026-09-28;Samphanthawong;112581;464,8;;0;;2
2026-09-28;Saphan Sung;55040;;;0;;2
2026-09-28;Sathon;133333;486,5;5,04;47;2,2;2
2026-09-28;Suan Luang;66071;384,6;6,39;51;;2
2026-09-28;Taling Chan;44267;260,4;;1;;2
2026-09-28;Thon Buri;76262;379;5,88;41;0,8;2
2026-09-28;Thung Khru;72873;385,5;;2;;2
2026-09-28;Vadhana;134595;610,3;5,39;193;2,3;2
2026-09-28;Wang Thonglang;61270;362,8;6,47;22;;2
2026-09-28;Yan Nawa;82292;384,2;5,56;39;1,6;2
2026-09-29;Bang Bon;43798;230,8;;2;;2
2026-09-29;Bang Kapi;58621;386,7;6,45;54;;2
2026-09-29;Bang Khae;57292;307,7;6,33;13;;2
2026-09-29;Bang Khen;61771;375;6,3;31;;2
2026-09-29;Bang Kho Laem;107315;484,9;5,2;22;;2
2026-09-29;Bang Khun Thian;51521;300,5;;4;;2
2026-09-29;Bang Na;61538;380;6,05;61;;2
2026-09-29;Bang Phlat;72500;402,3;5,89;33;;2
2026-09-29;Bang Rak;156274;640;4,98;50;1,7;2
2026-09-29;Bang Sue;75143;366,7;5,44;41;;2
2026-09-29;Bangkok Noi;82827;400,4;5,71;21;;2
2026-09-29;Bangkok Yai;77223;414,3;5,7;10;;2
2026-09-29;Bueng Kum;49914;264,7;6,53;23;;2
2026-09-29;Chatuchak;80515;458,4;5,51;135;0,7;2
2026-09-29;Chom Thong;65935;321,4;5,79;20;;2
2026-09-29;Din Daeng;89746;476,2;5,91;42;0,8;2
2026-09-29;Don Mueang;59583;340;6,96;6;;2
2026-09-29;Dusit;125389;329,5;;4;;2
2026-09-29;Huai Khwang;80333;478,2;6,02;115;0,6;2
2026-09-29;Khan Na Yao;58293;309,5;6,16;12;;2
2026-09-29;Khlong San;105353;433,2;4,95;51;0,8;2
2026-09-29;Khlong Toei;136812;638,9;5,44;129;0,6;2
2026-09-29;Lak Si;60866;342,1;6,07;6;;2
2026-09-29;Lat Krabang;52416;366,7;7;10;;2
2026-09-29;Lat Phrao;58276;370,1;6,48;11;;2
2026-09-29;Min Buri;68889;302,1;5,7;8;;2
2026-09-29;Nong Khaem;;140;;0;;2
2026-09-29;Pathum Wan;167619;662,2;4,8;49;0,7;2
2026-09-29;Phasi Charoen;69193;357,1;5,82;36;;2
2026-09-29;Phaya Thai;107500;479,2;5,03;68;1,2;2
2026-09-29;Phra Khanong;79138;427;6,07;73;;2
2026-09-29;Phra Nakhon;77685;385,2;;1;;2
2026-09-29;Pom Prap Sattru Phai;108571;400;;1;;2
2026-09-29;Prawet;52693;325;7,28;11;;2
2026-09-29;Rat Burana;59833;285,7;5,67;13;;2
2026-09-29;Ratchathewi;152858;609,2;4,68;70;0,6;2
2026-09-29;Sai Mai;62338;372,3;6,5;7;;2
2026-09-29;Samphanthawong;112581;464,8;;0;;2
2026-09-29;Saphan Sung;55040;;;0;;2
2026-09-29;Sathon;131801;493;5,02;46;1,5;2
2026-09-29;Suan Luang;66071;387,4;6,38;51;1;2
2026-09-29;Taling Chan;44267;260,4;;1;;2
2026-09-29;Thon Buri;77401;379;5,84;41;;2
2026-09-29;Thung Khru;72873;385,5;;2;;2
2026-09-29;Vadhana;134476;613,5;5,39;193;0,6;2
2026-09-29;Wang Thonglang;61270;361,1;6,51;21;;2
2026-09-29;Yan Nawa;81913;377,2;5,45;39;1,2;2
